session_id,month,brand_id,body_part,device_tier,lighting,true_size_mm,ar_measured_size_mm,abs_error_mm,within_tolerance
S00001,2026-03,B043,Wrist,High-end,Normal,160.8,160.1,0.65,True
S00002,2025-10,B014,Wrist,Mid-range,Dim,160.2,162.9,2.66,True
S00003,2026-09,B032,Wrist,Mid-range,Bright,186.4,187.3,0.89,True
S00004,2025-12,B018,Finger,Low-end,Dim,16.6,14.8,1.75,False
S00005,2026-03,B023,Finger,Mid-range,Normal,19.2,19.0,0.16,True
S00006,2026-08,B004,Wrist,Mid-range,Normal,173.0,171.8,1.27,True
S00007,2026-06,B009,Neck,Low-end,Dim,389.0,395.5,6.44,False
S00008,2026-07,B018,Neck,Mid-range,Normal,377.5,381.2,3.79,True
S00009,2025-12,B020,Finger,Mid-range,Normal,16.3,15.7,0.54,False
S00010,2026-01,B023,Neck,High-end,Normal,361.9,360.7,1.23,True
S00011,2026-04,B046,Wrist,Mid-range,Dim,173.7,172.0,1.69,True
S00012,2025-10,B048,Finger,High-end,Normal,15.2,15.2,0.0,True
S00013,2026-02,B010,Finger,Mid-range,Bright,21.1,21.1,0.01,True
S00014,2026-09,B005,Wrist,High-end,Bright,165.0,166.0,1.03,True
S00015,2026-08,B028,Wrist,Low-end,Normal,168.7,166.8,1.93,True
S00016,2026-07,B005,Neck,Low-end,Normal,406.1,403.9,2.18,True
S00017,2026-04,B045,Neck,Low-end,Normal,369.0,375.3,6.24,False
S00018,2026-09,B028,Finger,Low-end,Dim,21.2,20.5,0.67,False
S00019,2026-06,B041,Neck,High-end,Normal,398.8,398.3,0.59,True
S00020,2025-10,B033,Finger,Mid-range,Bright,14.6,14.5,0.11,True
S00021,2026-05,B009,Finger,Mid-range,Bright,20.6,20.6,0.01,True
S00022,2026-07,B002,Neck,Mid-range,Normal,370.1,366.3,3.74,True
S00023,2026-09,B035,Finger,Low-end,Dim,18.0,17.9,0.1,True
S00024,2026-03,B010,Finger,Mid-range,Normal,17.2,17.5,0.34,True
S00025,2025-11,B029,Neck,High-end,Normal,367.4,365.9,1.48,True
S00026,2025-12,B003,Finger,Mid-range,Bright,15.2,15.7,0.44,True
S00027,2026-07,B030,Neck,Mid-range,Normal,408.5,406.0,2.54,True
S00028,2026-02,B033,Wrist,Mid-range,Bright,184.4,184.3,0.16,True
S00029,2026-09,B016,Finger,High-end,Dim,15.2,15.2,0.03,True
S00030,2026-01,B034,Wrist,Low-end,Normal,151.0,150.5,0.5,True
S00031,2026-03,B010,Wrist,Low-end,Normal,153.6,151.5,2.08,True
S00032,2026-02,B017,Neck,Mid-range,Normal,411.1,412.6,1.51,True
S00033,2026-09,B028,Finger,Mid-range,Normal,16.8,16.6,0.19,True
S00034,2025-12,B021,Neck,Mid-range,Normal,374.7,376.6,1.87,True
S00035,2026-05,B032,Wrist,Low-end,Normal,189.8,188.1,1.72,True
S00036,2026-07,B010,Finger,Mid-range,Normal,14.4,14.2,0.27,True
S00037,2026-03,B037,Finger,Mid-range,Normal,20.6,20.4,0.25,True
S00038,2026-02,B012,Neck,High-end,Normal,394.6,396.3,1.72,True
S00039,2025-12,B021,Finger,Low-end,Normal,18.2,18.2,0.01,True
S00040,2026-07,B024,Wrist,Mid-range,Dim,151.6,153.4,1.79,True
S00041,2026-03,B047,Finger,High-end,Bright,21.9,22.0,0.06,True
S00042,2025-11,B043,Wrist,High-end,Dim,179.1,179.8,0.7,True
S00043,2025-11,B012,Finger,Low-end,Dim,18.7,18.5,0.15,True
S00044,2026-08,B026,Finger,High-end,Dim,19.3,18.6,0.69,False
S00045,2026-01,B031,Wrist,High-end,Dim,172.3,170.3,2.07,True
S00046,2026-01,B027,Finger,High-end,Dim,19.7,19.0,0.68,False
S00047,2026-01,B015,Finger,Mid-range,Normal,15.8,15.4,0.47,True
S00048,2026-02,B011,Wrist,Low-end,Normal,161.8,162.7,0.88,True
S00049,2025-12,B011,Neck,Low-end,Normal,351.5,354.5,3.0,True
S00050,2026-02,B037,Finger,High-end,Bright,14.4,14.4,0.0,True
S00051,2026-03,B044,Finger,Mid-range,Normal,15.2,15.2,0.0,True
S00052,2026-01,B038,Finger,High-end,Normal,21.1,21.0,0.08,True
S00053,2026-05,B044,Neck,Mid-range,Bright,345.7,348.7,3.0,True
S00054,2026-02,B002,Finger,High-end,Normal,21.2,21.0,0.18,True
S00055,2026-08,B004,Finger,Mid-range,Bright,18.2,18.4,0.2,True
S00056,2026-06,B048,Neck,Mid-range,Bright,361.2,360.4,0.88,True
S00057,2026-03,B046,Wrist,Mid-range,Normal,157.0,156.1,0.88,True
S00058,2026-02,B038,Finger,Low-end,Normal,20.4,20.4,0.06,True
S00059,2026-01,B006,Wrist,Mid-range,Bright,178.2,178.5,0.28,True
S00060,2026-01,B023,Finger,High-end,Dim,15.1,14.4,0.73,False
S00061,2026-09,B043,Wrist,Mid-range,Normal,158.6,156.4,2.2,True
S00062,2026-04,B027,Neck,Mid-range,Normal,412.4,413.4,0.96,True
S00063,2026-09,B042,Finger,Low-end,Normal,18.4,18.4,0.03,True
S00064,2026-04,B046,Wrist,High-end,Bright,153.6,153.3,0.29,True
S00065,2026-04,B036,Finger,High-end,Normal,21.2,21.0,0.21,True
S00066,2025-10,B024,Neck,Mid-range,Normal,349.7,346.7,2.99,True
S00067,2026-03,B041,Wrist,Low-end,Normal,161.6,164.4,2.82,True
S00068,2025-11,B046,Neck,Mid-range,Dim,354.6,357.5,2.95,True
S00069,2026-03,B019,Finger,Mid-range,Normal,15.3,15.7,0.44,True
S00070,2026-06,B036,Wrist,Low-end,Bright,170.9,172.2,1.28,True
S00071,2025-11,B030,Neck,Mid-range,Bright,365.7,366.6,0.88,True
S00072,2026-01,B002,Finger,Mid-range,Normal,19.3,20.2,0.84,False
S00073,2026-03,B011,Neck,Mid-range,Normal,349.3,349.7,0.41,True
S00074,2025-11,B046,Finger,Low-end,Bright,20.6,20.0,0.62,False
S00075,2026-09,B039,Neck,Mid-range,Normal,341.2,346.3,5.09,True
S00076,2026-09,B026,Finger,Low-end,Bright,20.7,20.6,0.09,True
S00077,2026-07,B004,Finger,Mid-range,Dim,19.9,19.4,0.56,False
S00078,2026-04,B022,Wrist,High-end,Bright,161.9,160.8,1.15,True
S00079,2025-12,B018,Neck,Mid-range,Normal,376.3,379.2,2.91,True
S00080,2026-06,B005,Wrist,Mid-range,Normal,166.2,165.7,0.51,True
S00081,2026-02,B011,Finger,Mid-range,Dim,18.3,18.2,0.05,True
S00082,2025-11,B039,Wrist,Mid-range,Normal,173.4,174.1,0.64,True
S00083,2026-02,B026,Neck,High-end,Normal,395.4,395.2,0.17,True
S00084,2025-11,B014,Finger,Mid-range,Normal,18.4,18.7,0.35,True
S00085,2026-04,B028,Wrist,High-end,Normal,187.1,186.1,1.05,True
S00086,2026-04,B001,Neck,High-end,Bright,397.2,397.8,0.65,True
S00087,2026-09,B028,Wrist,Low-end,Bright,183.2,179.3,3.84,False
S00088,2026-01,B018,Finger,Mid-range,Dim,21.7,22.4,0.65,False
S00089,2026-04,B020,Finger,High-end,Bright,19.9,20.0,0.14,True
S00090,2026-09,B016,Finger,Low-end,Normal,20.8,20.9,0.13,True
S00091,2025-11,B006,Finger,Mid-range,Dim,14.3,14.3,0.04,True
S00092,2025-10,B043,Finger,Low-end,Normal,19.6,20.5,0.86,False
S00093,2026-05,B039,Wrist,Mid-range,Bright,185.7,185.4,0.4,True
S00094,2026-01,B001,Finger,Mid-range,Normal,15.5,15.6,0.04,True
S00095,2025-12,B020,Finger,Mid-range,Normal,14.6,14.3,0.33,True
S00096,2025-10,B009,Finger,Low-end,Normal,15.2,15.5,0.3,True
S00097,2026-07,B043,Wrist,Mid-range,Normal,165.0,161.9,3.06,False
S00098,2026-09,B020,Wrist,Low-end,Normal,169.9,170.3,0.47,True
S00099,2026-04,B045,Finger,Low-end,Normal,20.7,20.5,0.19,True
S00100,2025-12,B033,Wrist,Mid-range,Normal,188.6,186.5,2.16,True
S00101,2025-10,B040,Finger,Low-end,Normal,15.4,14.3,1.06,False
S00102,2026-01,B029,Finger,Mid-range,Bright,19.8,19.8,0.01,True
S00103,2026-08,B040,Neck,Mid-range,Dim,360.9,360.1,0.81,True
S00104,2026-05,B035,Finger,Low-end,Normal,21.2,20.8,0.37,True
S00105,2025-12,B021,Finger,Mid-range,Normal,19.5,19.8,0.26,True
S00106,2026-06,B005,Finger,High-end,Normal,16.7,16.8,0.16,True
S00107,2025-10,B002,Finger,Low-end,Normal,17.4,16.8,0.69,False
S00108,2026-04,B011,Finger,Mid-range,Dim,21.3,21.2,0.12,True
S00109,2026-02,B001,Wrist,Mid-range,Normal,161.8,159.5,2.25,True
S00110,2026-06,B034,Finger,High-end,Dim,20.9,20.4,0.46,True
S00111,2026-05,B031,Finger,Mid-range,Normal,14.7,14.5,0.2,True
S00112,2025-11,B026,Finger,High-end,Normal,15.9,15.9,0.02,True
S00113,2025-12,B005,Neck,Low-end,Dim,350.3,337.5,12.76,False
S00114,2025-11,B021,Wrist,Low-end,Bright,164.3,168.3,3.98,False
S00115,2026-06,B027,Finger,Mid-range,Bright,21.7,21.6,0.11,True
S00116,2025-12,B044,Finger,Mid-range,Normal,16.3,16.6,0.31,True
S00117,2026-08,B006,Neck,Mid-range,Normal,338.3,337.0,1.28,True
S00118,2026-06,B016,Neck,Mid-range,Normal,334.0,339.5,5.54,True
S00119,2026-04,B004,Finger,Low-end,Normal,17.2,18.2,0.99,False
S00120,2026-09,B022,Finger,High-end,Normal,20.9,21.0,0.05,True
S00121,2026-08,B042,Wrist,Low-end,Normal,176.1,176.5,0.34,True
S00122,2026-09,B031,Neck,High-end,Normal,408.8,407.6,1.2,True
S00123,2026-08,B025,Finger,Mid-range,Normal,16.7,16.7,0.04,True
S00124,2026-02,B036,Wrist,Low-end,Bright,164.7,163.7,0.93,True
S00125,2026-08,B041,Finger,High-end,Dim,19.1,19.1,0.08,True
S00126,2025-11,B035,Finger,High-end,Normal,15.5,15.5,0.03,True
S00127,2026-02,B005,Finger,Mid-range,Dim,17.1,17.4,0.31,True
S00128,2026-06,B019,Wrist,High-end,Normal,170.7,170.8,0.13,True
S00129,2026-05,B034,Neck,High-end,Bright,346.7,347.6,0.82,True
S00130,2026-08,B033,Finger,Low-end,Normal,21.8,22.8,0.96,False
S00131,2026-03,B022,Neck,Mid-range,Dim,392.7,389.2,3.48,True
S00132,2026-08,B035,Neck,Low-end,Dim,370.9,373.2,2.27,True
S00133,2026-09,B036,Wrist,Mid-range,Bright,179.0,178.2,0.77,True
S00134,2026-05,B001,Wrist,Mid-range,Normal,178.1,180.9,2.86,True
S00135,2026-07,B009,Neck,Low-end,Bright,378.6,385.5,6.84,False
S00136,2026-06,B002,Finger,Mid-range,Dim,17.4,16.7,0.69,False
S00137,2026-04,B026,Finger,Low-end,Bright,19.4,19.5,0.07,True
S00138,2025-12,B035,Finger,Low-end,Bright,20.8,21.2,0.42,True
S00139,2026-05,B010,Wrist,High-end,Normal,165.9,164.9,0.97,True
S00140,2026-07,B048,Wrist,Mid-range,Normal,186.6,187.8,1.25,True
S00141,2026-07,B031,Finger,High-end,Normal,19.8,19.7,0.04,True
S00142,2026-01,B026,Neck,Mid-range,Normal,387.4,382.8,4.68,True
S00143,2026-01,B029,Finger,Low-end,Normal,18.2,18.5,0.32,True
S00144,2026-09,B007,Finger,High-end,Bright,20.8,20.7,0.15,True
S00145,2026-05,B008,Neck,Mid-range,Normal,363.1,364.0,0.91,True
S00146,2025-10,B019,Finger,Low-end,Dim,20.1,21.3,1.15,False
S00147,2025-12,B006,Finger,High-end,Normal,20.7,20.6,0.08,True
S00148,2026-04,B006,Neck,Low-end,Dim,358.3,358.0,0.21,True
S00149,2026-03,B009,Finger,Mid-range,Dim,16.5,17.3,0.82,False
S00150,2025-12,B009,Finger,Mid-range,Normal,18.6,18.9,0.31,True
S00151,2026-01,B037,Neck,High-end,Normal,373.4,375.0,1.65,True
S00152,2025-10,B001,Finger,High-end,Normal,15.4,15.5,0.09,True
S00153,2026-02,B035,Wrist,High-end,Normal,171.8,173.9,2.17,True
S00154,2026-05,B008,Neck,High-end,Normal,400.6,401.0,0.39,True
S00155,2026-04,B030,Wrist,Mid-range,Normal,165.5,166.8,1.27,True
S00156,2025-10,B047,Finger,Mid-range,Dim,18.9,19.3,0.41,True
S00157,2026-09,B014,Finger,Mid-range,Normal,17.2,17.1,0.1,True
S00158,2026-06,B035,Finger,Mid-range,Bright,21.0,21.0,0.0,True
S00159,2026-03,B013,Finger,Low-end,Normal,21.5,21.0,0.43,True
S00160,2026-04,B022,Neck,Mid-range,Dim,370.2,368.4,1.75,True
S00161,2026-07,B038,Wrist,High-end,Normal,163.1,163.2,0.12,True
S00162,2025-10,B029,Finger,Mid-range,Normal,18.0,18.0,0.04,True
S00163,2025-10,B032,Finger,Low-end,Dim,19.7,18.2,1.46,False
S00164,2025-10,B023,Finger,Mid-range,Dim,19.3,19.7,0.48,True
S00165,2026-07,B031,Finger,High-end,Normal,14.7,14.8,0.1,True
S00166,2026-04,B004,Finger,Mid-range,Normal,20.4,20.5,0.11,True
S00167,2026-01,B038,Wrist,Low-end,Normal,163.4,160.8,2.55,True
S00168,2026-04,B016,Finger,Mid-range,Normal,16.7,16.7,0.04,True
S00169,2026-05,B023,Neck,Mid-range,Normal,414.7,415.0,0.29,True
S00170,2025-12,B025,Neck,Mid-range,Bright,395.0,394.0,1.02,True
S00171,2025-11,B041,Finger,Mid-range,Dim,19.2,19.6,0.4,True
S00172,2026-08,B029,Finger,Mid-range,Normal,17.5,17.1,0.44,True
S00173,2026-09,B001,Finger,Mid-range,Dim,14.3,14.1,0.15,True
S00174,2026-07,B020,Finger,Mid-range,Bright,14.1,13.4,0.71,False
S00175,2026-03,B001,Wrist,High-end,Bright,168.2,169.8,1.64,True
S00176,2026-03,B004,Wrist,High-end,Normal,178.8,178.5,0.28,True
S00177,2025-10,B013,Finger,Low-end,Normal,18.3,17.4,0.83,False
S00178,2026-03,B005,Finger,Mid-range,Normal,17.4,17.0,0.39,True
S00179,2026-04,B039,Wrist,Mid-range,Normal,166.8,165.4,1.39,True
S00180,2026-05,B033,Wrist,Mid-range,Bright,164.3,167.1,2.76,True
S00181,2026-02,B026,Neck,High-end,Bright,337.0,336.3,0.72,True
S00182,2025-12,B015,Neck,Mid-range,Dim,344.3,347.0,2.76,True
S00183,2026-04,B016,Neck,Mid-range,Normal,352.5,356.2,3.71,True
S00184,2026-07,B010,Finger,Mid-range,Bright,16.6,16.4,0.12,True
S00185,2025-12,B026,Wrist,Low-end,Normal,154.8,153.8,1.0,True
S00186,2025-10,B004,Wrist,Mid-range,Normal,169.5,166.9,2.59,True
S00187,2026-07,B034,Neck,Mid-range,Normal,412.1,414.8,2.62,True
S00188,2025-12,B018,Wrist,Mid-range,Dim,184.2,185.1,0.92,True
S00189,2026-05,B011,Neck,High-end,Normal,395.7,395.1,0.63,True
S00190,2025-12,B006,Finger,High-end,Dim,20.2,20.5,0.36,True
S00191,2026-02,B029,Finger,Mid-range,Normal,19.6,19.5,0.15,True
S00192,2026-02,B033,Wrist,Mid-range,Normal,165.8,166.1,0.33,True
S00193,2026-09,B031,Neck,Mid-range,Normal,407.8,405.0,2.73,True
S00194,2026-02,B019,Wrist,Low-end,Dim,179.9,177.2,2.66,True
S00195,2026-02,B021,Wrist,Mid-range,Normal,163.0,163.2,0.15,True
S00196,2026-03,B012,Finger,High-end,Normal,17.6,17.3,0.28,True
S00197,2026-08,B038,Finger,High-end,Normal,20.6,20.3,0.29,True
S00198,2025-11,B029,Neck,Mid-range,Bright,389.6,388.2,1.35,True
S00199,2026-09,B031,Finger,Mid-range,Normal,21.1,20.8,0.3,True
S00200,2026-07,B028,Neck,High-end,Normal,406.8,409.5,2.71,True
S00201,2026-01,B042,Finger,Low-end,Dim,18.1,17.4,0.7,False
S00202,2025-11,B021,Finger,Mid-range,Normal,17.1,17.2,0.08,True
S00203,2025-10,B045,Finger,High-end,Bright,17.4,17.5,0.13,True
S00204,2026-06,B033,Neck,Mid-range,Dim,356.5,362.3,5.74,True
S00205,2025-11,B019,Finger,Mid-range,Normal,21.3,21.4,0.06,True
S00206,2026-07,B006,Wrist,Mid-range,Normal,159.7,157.9,1.79,True
S00207,2025-12,B043,Finger,Low-end,Dim,18.1,19.8,1.73,False
S00208,2026-08,B028,Finger,Low-end,Normal,19.2,19.8,0.6,False
S00209,2026-06,B003,Neck,Low-end,Dim,344.9,340.3,4.57,True
S00210,2025-12,B025,Neck,Mid-range,Normal,399.1,394.9,4.19,True
S00211,2026-04,B037,Finger,Mid-range,Bright,14.4,14.6,0.23,True
S00212,2026-03,B015,Finger,Low-end,Normal,15.0,14.1,0.89,False
S00213,2026-01,B010,Wrist,High-end,Normal,185.3,185.2,0.11,True
S00214,2026-02,B014,Wrist,Mid-range,Normal,153.9,153.0,0.97,True
S00215,2026-06,B039,Wrist,Mid-range,Normal,152.3,150.0,2.34,True
S00216,2026-06,B025,Finger,High-end,Normal,17.1,17.1,0.06,True
S00217,2025-10,B041,Finger,High-end,Normal,21.3,20.6,0.65,False
S00218,2026-05,B009,Finger,Mid-range,Bright,14.3,14.8,0.52,False
S00219,2026-01,B038,Finger,Mid-range,Normal,20.9,20.2,0.61,False
S00220,2026-04,B010,Neck,Mid-range,Normal,336.7,334.8,1.93,True
S00221,2026-08,B025,Wrist,Mid-range,Normal,187.0,189.3,2.32,True
S00222,2026-01,B025,Finger,High-end,Normal,21.5,21.4,0.11,True
S00223,2026-04,B003,Wrist,Mid-range,Dim,188.9,189.8,0.88,True
S00224,2026-01,B015,Wrist,High-end,Normal,155.2,156.6,1.36,True
S00225,2026-01,B035,Wrist,High-end,Normal,156.3,157.8,1.49,True
S00226,2026-04,B026,Finger,High-end,Normal,15.3,15.6,0.26,True
S00227,2025-10,B019,Neck,Mid-range,Normal,333.5,333.1,0.45,True
S00228,2026-05,B038,Neck,Mid-range,Bright,362.9,364.0,1.08,True
S00229,2025-10,B024,Wrist,Low-end,Normal,155.4,154.9,0.52,True
S00230,2026-07,B020,Wrist,Low-end,Bright,187.5,190.0,2.47,True
S00231,2026-02,B021,Finger,Mid-range,Normal,18.6,19.0,0.34,True
S00232,2026-04,B044,Wrist,Low-end,Dim,155.7,157.0,1.26,True
S00233,2026-08,B036,Neck,High-end,Normal,349.5,348.3,1.2,True
S00234,2026-03,B002,Neck,Mid-range,Normal,376.3,373.8,2.56,True
S00235,2026-02,B002,Neck,Mid-range,Bright,359.9,361.0,1.1,True
S00236,2026-06,B038,Neck,Mid-range,Normal,397.4,396.2,1.23,True
S00237,2025-11,B043,Wrist,Mid-range,Normal,188.0,190.9,2.89,True
S00238,2025-11,B040,Neck,Mid-range,Normal,401.1,398.9,2.18,True
S00239,2026-03,B024,Finger,Mid-range,Normal,14.3,14.6,0.35,True
S00240,2026-02,B028,Finger,Low-end,Dim,21.7,22.4,0.7,False
S00241,2026-06,B047,Wrist,Mid-range,Bright,174.8,175.2,0.45,True
S00242,2026-07,B028,Neck,Low-end,Bright,409.6,408.1,1.54,True
S00243,2025-12,B015,Wrist,Low-end,Normal,186.0,188.0,1.97,True
S00244,2026-05,B041,Wrist,High-end,Normal,179.7,180.7,1.0,True
S00245,2026-01,B036,Wrist,Mid-range,Normal,156.6,157.1,0.47,True
S00246,2026-02,B009,Finger,High-end,Dim,16.2,15.4,0.84,False
S00247,2025-12,B029,Finger,Mid-range,Normal,17.9,17.5,0.37,True
S00248,2026-01,B005,Finger,Mid-range,Normal,19.7,20.1,0.35,True
S00249,2026-05,B019,Wrist,Mid-range,Dim,171.3,169.5,1.78,True
S00250,2026-08,B044,Neck,High-end,Normal,349.4,351.0,1.58,True
S00251,2026-01,B001,Finger,Mid-range,Bright,18.4,17.8,0.67,False
S00252,2025-12,B021,Finger,Mid-range,Normal,20.2,19.8,0.44,True
S00253,2025-11,B009,Wrist,Mid-range,Normal,168.4,166.7,1.67,True
S00254,2026-03,B044,Wrist,Mid-range,Bright,187.5,185.0,2.48,True
S00255,2025-10,B001,Finger,Mid-range,Normal,18.0,18.8,0.82,False
S00256,2026-03,B032,Neck,Mid-range,Normal,330.4,331.4,1.01,True
S00257,2026-03,B037,Wrist,High-end,Normal,174.3,174.5,0.16,True
S00258,2026-02,B033,Wrist,Mid-range,Normal,160.5,164.7,4.11,False
S00259,2026-01,B024,Finger,High-end,Bright,16.9,16.8,0.14,True
S00260,2026-07,B048,Neck,Mid-range,Normal,388.7,388.8,0.03,True
S00261,2026-02,B021,Neck,Mid-range,Normal,378.6,382.1,3.5,True
S00262,2026-02,B037,Wrist,Mid-range,Normal,188.0,188.2,0.25,True
S00263,2026-08,B024,Finger,Low-end,Normal,20.2,19.9,0.28,True
S00264,2025-12,B026,Finger,Mid-range,Normal,17.2,17.0,0.22,True
S00265,2026-03,B034,Wrist,Mid-range,Normal,190.0,188.8,1.16,True
S00266,2026-03,B020,Finger,High-end,Normal,14.1,14.4,0.29,True
S00267,2026-07,B046,Neck,Mid-range,Normal,414.8,416.6,1.76,True
S00268,2026-08,B047,Neck,High-end,Normal,357.1,354.5,2.62,True
S00269,2026-02,B029,Neck,Mid-range,Normal,348.2,352.6,4.34,True
S00270,2026-09,B010,Wrist,Mid-range,Normal,181.4,183.4,1.97,True
S00271,2026-05,B031,Finger,Mid-range,Normal,14.1,13.9,0.25,True
S00272,2025-10,B013,Finger,Mid-range,Normal,14.0,14.4,0.32,True
S00273,2026-05,B004,Neck,Mid-range,Normal,402.8,400.7,2.14,True
S00274,2026-08,B027,Finger,Mid-range,Normal,15.4,15.4,0.05,True
S00275,2026-04,B016,Finger,High-end,Normal,17.7,17.6,0.08,True
S00276,2026-01,B041,Neck,Mid-range,Normal,417.6,418.0,0.47,True
S00277,2025-12,B020,Neck,Low-end,Normal,345.7,344.4,1.27,True
S00278,2025-11,B035,Finger,Low-end,Bright,16.7,16.9,0.2,True
S00279,2026-03,B011,Neck,Mid-range,Dim,414.8,410.3,4.41,True
S00280,2025-11,B015,Finger,Low-end,Normal,20.6,20.8,0.21,True
S00281,2026-04,B004,Neck,Mid-range,Bright,396.4,395.6,0.75,True
S00282,2026-07,B022,Finger,Low-end,Dim,18.3,17.8,0.47,True
S00283,2026-08,B019,Finger,Low-end,Dim,16.1,16.1,0.07,True
S00284,2025-11,B026,Finger,Low-end,Normal,20.8,20.0,0.74,False
S00285,2025-11,B003,Finger,Low-end,Normal,15.4,14.7,0.67,False
S00286,2026-02,B038,Neck,Mid-range,Normal,347.8,346.3,1.51,True
S00287,2026-02,B041,Wrist,Low-end,Dim,160.3,161.1,0.83,True
S00288,2026-03,B015,Wrist,High-end,Normal,159.3,159.0,0.28,True
S00289,2026-04,B035,Neck,Mid-range,Bright,342.5,346.0,3.47,True
S00290,2026-05,B027,Wrist,High-end,Bright,173.0,174.0,0.99,True
S00291,2026-02,B013,Finger,High-end,Normal,17.1,17.2,0.03,True
S00292,2026-03,B011,Wrist,High-end,Normal,161.7,163.9,2.21,True
S00293,2026-08,B019,Neck,High-end,Normal,390.6,389.3,1.32,True
S00294,2026-07,B046,Finger,Mid-range,Dim,17.7,17.8,0.02,True
S00295,2025-11,B048,Finger,High-end,Dim,16.7,16.9,0.18,True
S00296,2025-12,B033,Neck,Mid-range,Normal,394.8,393.9,0.93,True
S00297,2026-07,B032,Wrist,High-end,Bright,178.3,179.1,0.75,True
S00298,2026-07,B010,Wrist,Mid-range,Normal,183.0,184.2,1.22,True
S00299,2026-04,B024,Wrist,Mid-range,Normal,189.4,190.3,0.89,True
S00300,2026-08,B034,Wrist,Low-end,Normal,177.7,180.1,2.38,True
S00301,2026-02,B030,Wrist,Low-end,Normal,187.4,187.0,0.39,True
S00302,2025-11,B024,Neck,High-end,Bright,404.4,407.5,3.14,True
S00303,2025-12,B037,Finger,Mid-range,Bright,20.0,19.6,0.47,True
S00304,2026-09,B030,Wrist,High-end,Normal,155.8,157.3,1.52,True
S00305,2026-08,B019,Wrist,High-end,Bright,161.3,162.0,0.62,True
S00306,2026-01,B004,Finger,High-end,Normal,20.6,20.3,0.27,True
S00307,2026-03,B014,Finger,Mid-range,Normal,20.8,21.0,0.22,True
S00308,2026-09,B013,Finger,Low-end,Normal,20.9,21.4,0.5,True
S00309,2025-11,B016,Wrist,Low-end,Normal,154.5,157.9,3.42,False
S00310,2026-04,B020,Finger,Mid-range,Normal,18.4,18.2,0.22,True
S00311,2026-04,B017,Finger,High-end,Bright,20.8,20.6,0.28,True
S00312,2026-02,B037,Neck,Mid-range,Dim,348.1,348.9,0.85,True
S00313,2026-04,B018,Wrist,Mid-range,Normal,151.5,149.2,2.37,True
S00314,2026-06,B048,Finger,Mid-range,Bright,21.3,21.5,0.15,True
S00315,2026-04,B037,Wrist,Low-end,Normal,160.2,163.6,3.42,False
S00316,2026-03,B005,Wrist,Mid-range,Normal,187.3,186.3,0.95,True
S00317,2025-10,B034,Finger,Mid-range,Normal,15.6,15.2,0.39,True
S00318,2026-01,B027,Finger,Mid-range,Dim,14.8,14.2,0.59,False
S00319,2026-05,B026,Neck,High-end,Normal,367.3,368.3,1.03,True
S00320,2026-02,B010,Neck,Mid-range,Dim,397.4,393.7,3.68,True
S00321,2025-11,B031,Wrist,Mid-range,Normal,167.4,167.8,0.31,True
S00322,2026-09,B001,Finger,Low-end,Bright,17.3,18.0,0.74,False
S00323,2026-04,B044,Neck,Low-end,Bright,359.2,358.1,1.01,True
S00324,2026-05,B007,Finger,Low-end,Dim,15.9,16.1,0.16,True
S00325,2025-12,B003,Finger,Low-end,Bright,17.7,17.6,0.1,True
S00326,2026-05,B010,Neck,Mid-range,Dim,331.4,328.4,2.98,True
S00327,2025-11,B001,Wrist,Mid-range,Dim,185.1,185.2,0.17,True
S00328,2026-02,B003,Finger,High-end,Normal,15.0,14.9,0.14,True
S00329,2026-07,B042,Finger,High-end,Bright,14.7,14.8,0.13,True
S00330,2025-12,B031,Finger,High-end,Normal,19.5,19.6,0.09,True
S00331,2026-08,B012,Finger,High-end,Normal,20.9,20.6,0.32,True
S00332,2026-04,B016,Wrist,Low-end,Dim,155.5,160.4,4.87,False
S00333,2026-01,B019,Wrist,Mid-range,Dim,159.7,161.0,1.34,True
S00334,2026-04,B038,Finger,High-end,Dim,21.1,21.7,0.57,False
S00335,2026-06,B008,Neck,Mid-range,Dim,335.4,331.2,4.27,True
S00336,2026-07,B028,Wrist,Low-end,Normal,180.6,179.4,1.2,True
S00337,2026-02,B010,Neck,Low-end,Bright,405.0,409.5,4.56,True
S00338,2025-12,B016,Neck,Mid-range,Normal,408.9,413.1,4.16,True
S00339,2026-04,B006,Finger,Mid-range,Dim,14.2,14.6,0.37,True
S00340,2026-03,B003,Wrist,High-end,Normal,170.4,170.6,0.21,True
S00341,2026-07,B005,Neck,Low-end,Bright,353.0,351.0,1.99,True
S00342,2025-11,B021,Wrist,High-end,Normal,188.9,188.9,0.02,True
S00343,2026-09,B040,Finger,Mid-range,Normal,17.0,16.7,0.3,True
S00344,2025-11,B011,Finger,Mid-range,Bright,21.5,21.5,0.06,True
S00345,2026-06,B022,Neck,Mid-range,Normal,380.5,381.6,1.13,True
S00346,2026-06,B003,Finger,Mid-range,Dim,20.6,20.4,0.18,True
S00347,2026-08,B016,Finger,High-end,Normal,17.2,17.3,0.02,True
S00348,2026-02,B037,Neck,High-end,Normal,369.0,370.3,1.33,True
S00349,2026-09,B043,Finger,High-end,Dim,17.2,17.5,0.28,True
S00350,2025-11,B004,Neck,High-end,Bright,363.0,361.5,1.54,True
S00351,2025-12,B037,Wrist,Mid-range,Dim,164.0,161.3,2.7,True
S00352,2026-04,B036,Finger,High-end,Normal,18.6,18.1,0.54,False
S00353,2026-07,B034,Finger,Mid-range,Normal,14.0,13.7,0.28,True
S00354,2026-06,B013,Finger,Mid-range,Normal,15.2,15.7,0.51,False
S00355,2026-08,B020,Finger,Mid-range,Normal,16.2,16.3,0.04,True
S00356,2026-06,B004,Neck,Mid-range,Normal,386.9,385.4,1.44,True
S00357,2026-02,B035,Finger,High-end,Normal,21.6,21.8,0.19,True
S00358,2025-10,B034,Neck,Mid-range,Normal,351.6,349.6,1.94,True
S00359,2026-05,B011,Wrist,Low-end,Dim,155.5,155.8,0.26,True
S00360,2026-06,B032,Finger,Mid-range,Normal,16.1,16.7,0.58,False
S00361,2025-10,B038,Finger,Mid-range,Normal,19.8,19.5,0.36,True
S00362,2025-10,B019,Finger,Mid-range,Normal,16.9,16.9,0.04,True
S00363,2026-03,B008,Finger,Mid-range,Bright,18.9,18.7,0.14,True
S00364,2026-05,B032,Finger,High-end,Normal,16.7,16.4,0.26,True
S00365,2026-02,B042,Wrist,Low-end,Normal,175.7,175.3,0.41,True
S00366,2026-08,B030,Finger,Low-end,Dim,19.3,19.4,0.14,True
S00367,2026-01,B005,Finger,Mid-range,Normal,14.0,13.5,0.5,True
S00368,2026-02,B033,Finger,Low-end,Normal,16.5,17.4,0.9,False
S00369,2026-07,B003,Wrist,Mid-range,Normal,170.1,169.7,0.38,True
S00370,2025-11,B022,Wrist,Mid-range,Normal,185.2,183.2,1.95,True
S00371,2026-09,B016,Wrist,Mid-range,Normal,161.9,162.5,0.61,True
S00372,2026-06,B017,Neck,Mid-range,Normal,365.6,365.4,0.21,True
S00373,2026-08,B039,Wrist,Mid-range,Normal,187.3,185.1,2.28,True
S00374,2026-09,B023,Wrist,Low-end,Normal,170.1,169.6,0.54,True
S00375,2026-09,B011,Neck,Mid-range,Dim,409.5,407.5,1.95,True
S00376,2026-06,B018,Wrist,High-end,Bright,167.7,165.6,2.07,True
S00377,2025-12,B010,Finger,Mid-range,Normal,15.2,15.2,0.01,True
S00378,2025-11,B019,Wrist,Mid-range,Normal,189.1,189.8,0.68,True
S00379,2026-03,B031,Neck,Mid-range,Dim,380.7,386.5,5.8,True
S00380,2026-08,B010,Wrist,Mid-range,Normal,151.9,149.6,2.3,True
S00381,2026-08,B039,Finger,Mid-range,Normal,17.6,17.5,0.14,True
S00382,2026-03,B030,Finger,Mid-range,Normal,18.6,18.6,0.04,True
S00383,2026-07,B003,Finger,Mid-range,Dim,18.2,18.0,0.15,True
S00384,2026-02,B026,Neck,Mid-range,Normal,372.8,371.2,1.53,True
S00385,2026-06,B030,Finger,Low-end,Normal,16.5,16.7,0.23,True
S00386,2026-02,B021,Wrist,High-end,Normal,163.4,163.5,0.12,True
S00387,2025-10,B026,Wrist,High-end,Normal,163.6,163.9,0.22,True
S00388,2026-08,B021,Neck,Low-end,Normal,373.2,378.6,5.47,True
S00389,2026-07,B042,Finger,Mid-range,Normal,21.2,20.6,0.62,False
S00390,2025-12,B017,Neck,Mid-range,Normal,396.8,395.9,0.93,True
S00391,2026-01,B007,Wrist,Mid-range,Dim,161.5,160.9,0.67,True
S00392,2026-06,B018,Neck,High-end,Normal,401.8,404.3,2.52,True
S00393,2026-02,B035,Neck,Low-end,Normal,346.3,349.8,3.59,True
S00394,2026-03,B009,Finger,Low-end,Bright,17.7,18.2,0.43,True
S00395,2026-07,B008,Finger,Mid-range,Normal,19.8,20.0,0.18,True
S00396,2026-06,B026,Finger,Mid-range,Dim,14.2,13.8,0.39,True
S00397,2025-10,B020,Finger,High-end,Normal,17.3,17.3,0.08,True
S00398,2026-06,B009,Neck,Mid-range,Normal,364.0,361.0,2.99,True
S00399,2025-10,B048,Wrist,Mid-range,Normal,187.5,184.2,3.3,False
S00400,2026-09,B042,Wrist,Low-end,Dim,163.2,158.6,4.64,False
S00401,2025-10,B016,Finger,Low-end,Normal,17.3,17.6,0.38,True
S00402,2026-07,B004,Neck,High-end,Normal,412.4,409.8,2.62,True
S00403,2025-12,B037,Neck,Mid-range,Normal,399.0,397.1,1.9,True
S00404,2026-04,B023,Finger,High-end,Normal,18.7,18.9,0.2,True
S00405,2025-12,B025,Wrist,Mid-range,Normal,170.2,170.3,0.13,True
S00406,2026-09,B029,Neck,Mid-range,Normal,376.5,375.2,1.28,True
S00407,2026-04,B010,Wrist,Low-end,Normal,162.7,162.4,0.31,True
S00408,2026-07,B012,Finger,Low-end,Dim,15.3,15.0,0.36,True
S00409,2026-01,B048,Wrist,High-end,Dim,170.4,171.2,0.85,True
S00410,2026-03,B048,Finger,Mid-range,Bright,16.1,15.9,0.24,True
S00411,2025-10,B027,Neck,Mid-range,Normal,379.1,374.6,4.47,True
S00412,2026-06,B046,Wrist,Low-end,Normal,175.1,173.5,1.62,True
S00413,2026-03,B048,Neck,Mid-range,Normal,348.8,353.6,4.87,True
S00414,2026-07,B044,Finger,Low-end,Normal,19.7,19.3,0.42,True
S00415,2026-04,B025,Finger,Low-end,Normal,16.3,16.2,0.09,True
S00416,2026-02,B044,Neck,Low-end,Normal,352.2,352.2,0.05,True
S00417,2026-08,B045,Finger,Low-end,Bright,21.2,21.5,0.25,True
S00418,2026-03,B020,Wrist,Mid-range,Normal,163.4,164.0,0.61,True
S00419,2026-08,B005,Neck,High-end,Normal,351.4,353.0,1.56,True
S00420,2026-05,B021,Wrist,High-end,Bright,183.9,183.0,0.87,True
S00421,2025-12,B023,Wrist,Mid-range,Dim,172.4,170.4,1.96,True
S00422,2026-04,B017,Finger,Mid-range,Bright,20.5,20.3,0.18,True
S00423,2026-02,B008,Finger,High-end,Normal,15.2,15.2,0.05,True
S00424,2025-12,B039,Finger,Mid-range,Bright,21.8,21.6,0.2,True
S00425,2026-08,B045,Wrist,High-end,Dim,188.2,187.1,1.15,True
S00426,2026-04,B026,Wrist,High-end,Dim,162.0,161.2,0.76,True
S00427,2026-05,B002,Wrist,Mid-range,Dim,157.0,158.7,1.67,True
S00428,2026-07,B031,Wrist,High-end,Bright,178.5,178.4,0.09,True
S00429,2026-06,B003,Finger,Mid-range,Dim,20.8,21.3,0.46,True
S00430,2025-10,B029,Finger,Mid-range,Dim,14.9,15.0,0.07,True
S00431,2026-06,B042,Wrist,Mid-range,Normal,162.3,162.4,0.17,True
S00432,2026-03,B039,Wrist,Mid-range,Normal,174.0,176.1,2.11,True
S00433,2026-05,B037,Wrist,Mid-range,Dim,166.5,165.4,1.14,True
S00434,2026-03,B017,Finger,Low-end,Normal,17.6,17.1,0.56,False
S00435,2026-07,B001,Finger,Low-end,Normal,15.4,14.8,0.65,False
S00436,2026-09,B014,Wrist,Mid-range,Normal,176.9,179.9,3.0,True
S00437,2026-04,B032,Finger,Low-end,Normal,20.3,20.6,0.35,True
S00438,2026-03,B034,Neck,Low-end,Normal,381.8,385.7,3.84,True
S00439,2026-04,B028,Finger,Low-end,Normal,15.6,16.1,0.49,True
S00440,2026-01,B039,Finger,Mid-range,Bright,15.5,15.6,0.1,True
S00441,2025-12,B047,Neck,Low-end,Dim,410.2,416.1,5.92,True
S00442,2026-03,B047,Neck,Mid-range,Normal,346.2,347.6,1.47,True
S00443,2026-07,B022,Finger,High-end,Normal,14.1,14.1,0.0,True
S00444,2026-03,B039,Neck,Mid-range,Dim,390.6,393.9,3.35,True
S00445,2026-04,B036,Finger,Mid-range,Normal,19.6,20.0,0.33,True
S00446,2026-09,B005,Finger,Low-end,Normal,21.2,22.2,1.03,False
S00447,2026-02,B039,Neck,Mid-range,Normal,343.9,343.6,0.33,True
S00448,2026-02,B010,Finger,High-end,Bright,21.6,21.4,0.17,True
S00449,2026-09,B030,Finger,High-end,Normal,15.1,15.3,0.21,True
S00450,2026-03,B030,Wrist,Mid-range,Normal,155.8,154.9,0.89,True
S00451,2026-07,B024,Finger,Mid-range,Normal,21.3,20.9,0.4,True
S00452,2025-11,B031,Finger,Mid-range,Normal,21.2,21.2,0.0,True
S00453,2025-11,B001,Neck,Low-end,Normal,414.5,406.6,7.97,False
S00454,2026-06,B047,Neck,High-end,Normal,332.8,332.2,0.63,True
S00455,2026-02,B037,Finger,Low-end,Normal,16.7,16.2,0.49,True
S00456,2026-09,B046,Finger,Mid-range,Normal,18.9,19.1,0.2,True
S00457,2026-06,B011,Wrist,Low-end,Dim,168.2,164.0,4.19,False
S00458,2026-07,B027,Neck,Low-end,Normal,346.0,349.0,3.02,True
S00459,2026-05,B004,Wrist,Mid-range,Normal,177.6,179.0,1.37,True
S00460,2026-09,B026,Finger,Low-end,Normal,17.2,18.2,0.99,False
S00461,2025-10,B025,Neck,Mid-range,Dim,344.6,347.0,2.4,True
S00462,2026-02,B037,Finger,High-end,Dim,16.5,16.4,0.08,True
S00463,2026-03,B042,Finger,Mid-range,Normal,20.9,20.6,0.28,True
S00464,2026-03,B014,Wrist,Mid-range,Normal,163.7,162.8,0.86,True
S00465,2026-02,B015,Finger,Mid-range,Normal,15.9,16.3,0.33,True
S00466,2026-09,B010,Finger,Mid-range,Bright,17.7,17.3,0.38,True
S00467,2025-10,B009,Neck,Mid-range,Dim,337.5,338.8,1.38,True
S00468,2026-04,B017,Wrist,High-end,Bright,156.9,156.2,0.69,True
S00469,2026-03,B020,Wrist,Low-end,Normal,182.7,183.0,0.33,True
S00470,2026-03,B003,Finger,Low-end,Normal,17.5,16.7,0.84,False
S00471,2025-11,B028,Wrist,Mid-range,Normal,177.2,177.8,0.57,True
S00472,2026-06,B041,Finger,Low-end,Normal,17.3,17.9,0.68,False
S00473,2026-08,B004,Finger,Mid-range,Dim,16.2,16.8,0.54,False
S00474,2026-03,B010,Wrist,High-end,Normal,159.4,159.0,0.4,True
S00475,2026-01,B022,Finger,Mid-range,Bright,21.8,21.9,0.09,True
S00476,2026-06,B028,Finger,High-end,Bright,18.4,18.8,0.46,True
S00477,2025-10,B023,Neck,Low-end,Bright,344.4,341.0,3.42,True
S00478,2026-04,B048,Wrist,Low-end,Normal,167.7,167.3,0.39,True
S00479,2026-09,B020,Wrist,Mid-range,Normal,156.4,157.3,0.93,True
S00480,2026-01,B005,Neck,Low-end,Normal,383.2,381.8,1.4,True
S00481,2026-05,B007,Finger,Mid-range,Normal,18.7,18.6,0.11,True
S00482,2025-11,B009,Wrist,Mid-range,Dim,151.6,149.1,2.53,True
S00483,2026-06,B009,Wrist,Mid-range,Normal,175.0,176.2,1.21,True
S00484,2026-04,B038,Neck,Mid-range,Normal,381.9,381.9,0.06,True
S00485,2026-07,B019,Finger,High-end,Dim,15.1,14.6,0.44,True
S00486,2026-03,B039,Finger,Mid-range,Normal,16.6,16.2,0.43,True
S00487,2026-07,B038,Finger,Mid-range,Normal,19.1,19.7,0.62,False
S00488,2026-04,B032,Wrist,High-end,Normal,154.3,155.1,0.81,True
S00489,2026-08,B016,Wrist,High-end,Normal,186.8,185.2,1.59,True
S00490,2026-03,B030,Wrist,Mid-range,Dim,154.9,155.0,0.09,True
S00491,2026-05,B022,Finger,Mid-range,Normal,21.5,21.4,0.08,True
S00492,2026-06,B026,Neck,High-end,Normal,367.6,369.0,1.48,True
S00493,2026-08,B009,Finger,Mid-range,Bright,18.5,17.7,0.81,False
S00494,2026-06,B007,Finger,Low-end,Normal,15.7,16.4,0.76,False
S00495,2026-04,B042,Wrist,High-end,Normal,152.6,153.3,0.7,True
S00496,2026-08,B023,Wrist,High-end,Normal,176.5,177.4,0.91,True
S00497,2026-09,B001,Finger,Low-end,Bright,18.8,18.0,0.84,False
S00498,2026-05,B017,Wrist,Mid-range,Normal,159.0,159.5,0.58,True
S00499,2026-01,B007,Wrist,Mid-range,Dim,161.0,160.4,0.55,True
S00500,2025-10,B012,Finger,Mid-range,Normal,14.1,14.3,0.28,True
S00501,2026-09,B047,Wrist,Low-end,Bright,155.4,154.5,0.82,True
S00502,2026-01,B011,Wrist,Mid-range,Bright,154.0,148.5,5.5,False
S00503,2025-12,B007,Neck,Mid-range,Normal,340.5,342.6,2.12,True
S00504,2026-09,B033,Finger,Low-end,Bright,18.4,19.2,0.84,False
S00505,2026-03,B045,Finger,High-end,Dim,16.7,16.9,0.23,True
S00506,2025-10,B045,Wrist,Mid-range,Bright,185.4,182.6,2.79,True
S00507,2025-10,B031,Finger,Low-end,Dim,14.6,14.4,0.17,True
S00508,2025-11,B004,Finger,Low-end,Dim,16.6,16.8,0.17,True
S00509,2025-11,B040,Neck,High-end,Dim,406.3,413.8,7.58,False
S00510,2026-05,B032,Wrist,Mid-range,Bright,185.2,184.9,0.36,True
S00511,2026-04,B024,Finger,Mid-range,Bright,17.1,17.7,0.53,False
S00512,2026-01,B017,Finger,Mid-range,Dim,16.9,16.1,0.79,False
S00513,2026-02,B018,Finger,Low-end,Normal,20.1,20.9,0.76,False
S00514,2025-10,B007,Wrist,Mid-range,Normal,177.8,179.8,2.02,True
S00515,2025-12,B032,Finger,Mid-range,Normal,16.3,16.1,0.16,True
S00516,2026-04,B036,Finger,High-end,Normal,21.9,21.9,0.05,True
S00517,2026-06,B029,Wrist,Mid-range,Dim,171.0,172.3,1.33,True
S00518,2026-05,B025,Finger,Low-end,Normal,16.6,16.1,0.5,True
S00519,2025-10,B028,Finger,Mid-range,Bright,19.6,19.6,0.01,True
S00520,2026-03,B020,Wrist,Low-end,Normal,173.2,171.4,1.77,True
S00521,2025-10,B048,Finger,Low-end,Normal,20.2,20.8,0.66,False
S00522,2026-02,B035,Neck,Mid-range,Normal,380.9,380.2,0.66,True
S00523,2025-12,B012,Finger,High-end,Normal,16.3,16.4,0.02,True
S00524,2026-06,B011,Finger,High-end,Dim,20.3,20.2,0.05,True
S00525,2026-05,B023,Neck,Mid-range,Dim,378.6,376.9,1.7,True
S00526,2025-10,B037,Finger,Mid-range,Normal,19.3,18.9,0.43,True
S00527,2025-11,B033,Neck,Mid-range,Bright,346.1,350.0,3.88,True
S00528,2026-03,B048,Finger,Low-end,Normal,16.7,16.7,0.08,True
S00529,2026-07,B029,Wrist,Mid-range,Normal,153.1,151.4,1.62,True
S00530,2026-09,B011,Neck,Mid-range,Normal,368.5,366.5,1.97,True
S00531,2026-06,B030,Wrist,Mid-range,Normal,171.6,173.2,1.62,True
S00532,2026-09,B009,Wrist,High-end,Normal,168.6,168.9,0.36,True
S00533,2026-02,B042,Wrist,Mid-range,Dim,164.6,166.1,1.51,True
S00534,2026-07,B015,Finger,High-end,Dim,19.9,19.8,0.07,True
S00535,2026-09,B004,Neck,Low-end,Normal,372.9,371.5,1.4,True
S00536,2025-12,B036,Wrist,Mid-range,Bright,176.2,179.0,2.77,True
S00537,2026-04,B044,Wrist,Low-end,Bright,178.5,174.2,4.28,False
S00538,2026-09,B029,Neck,Low-end,Normal,390.8,389.4,1.4,True
S00539,2025-11,B021,Finger,Mid-range,Normal,19.7,19.4,0.25,True
S00540,2026-08,B017,Wrist,High-end,Bright,162.9,161.4,1.56,True
S00541,2026-03,B014,Wrist,High-end,Dim,173.6,172.9,0.69,True
S00542,2025-12,B020,Finger,Mid-range,Normal,21.6,21.2,0.41,True
S00543,2025-10,B001,Finger,Low-end,Normal,20.3,19.9,0.36,True
S00544,2025-11,B005,Finger,High-end,Dim,21.8,21.9,0.13,True
S00545,2026-08,B032,Neck,Mid-range,Normal,380.2,382.5,2.37,True
S00546,2026-09,B020,Finger,High-end,Normal,15.7,15.6,0.14,True
S00547,2026-03,B002,Finger,Mid-range,Normal,16.9,16.7,0.23,True
S00548,2025-11,B046,Wrist,Low-end,Bright,164.5,167.3,2.73,True
S00549,2026-06,B020,Finger,Mid-range,Normal,17.2,17.5,0.28,True
S00550,2026-02,B008,Neck,High-end,Normal,353.1,351.6,1.51,True
S00551,2026-06,B029,Neck,High-end,Normal,364.4,365.2,0.82,True
S00552,2025-12,B003,Finger,High-end,Bright,17.2,17.0,0.19,True
S00553,2025-11,B039,Neck,Mid-range,Normal,352.8,352.1,0.72,True
S00554,2026-03,B044,Wrist,Mid-range,Normal,150.2,147.9,2.26,True
S00555,2026-05,B021,Wrist,Mid-range,Bright,181.4,179.6,1.76,True
S00556,2026-08,B020,Finger,High-end,Normal,19.4,19.6,0.19,True
S00557,2026-01,B025,Neck,Low-end,Bright,369.7,372.6,2.89,True
S00558,2026-05,B028,Neck,Mid-range,Normal,382.5,386.0,3.52,True
S00559,2025-12,B028,Finger,Low-end,Normal,17.9,17.4,0.56,False
S00560,2026-01,B024,Finger,Mid-range,Dim,17.0,16.8,0.25,True
S00561,2026-02,B045,Wrist,High-end,Normal,186.0,187.8,1.77,True
S00562,2026-07,B016,Finger,Mid-range,Normal,14.3,14.8,0.47,True
S00563,2026-08,B017,Finger,Mid-range,Normal,21.4,20.7,0.68,False
S00564,2025-11,B003,Wrist,High-end,Bright,165.0,164.1,0.92,True
S00565,2026-05,B023,Finger,High-end,Normal,18.3,18.3,0.05,True
S00566,2026-07,B022,Wrist,Low-end,Normal,168.4,171.3,2.95,True
S00567,2026-05,B005,Finger,High-end,Dim,21.8,21.7,0.07,True
S00568,2026-04,B035,Finger,Low-end,Normal,15.9,15.9,0.02,True
S00569,2026-01,B048,Wrist,Mid-range,Dim,166.7,168.4,1.72,True
S00570,2026-09,B048,Wrist,High-end,Dim,164.5,163.5,1.0,True
S00571,2025-10,B031,Finger,High-end,Dim,15.0,14.6,0.44,True
S00572,2026-08,B005,Wrist,High-end,Normal,178.1,178.0,0.08,True
S00573,2026-07,B013,Finger,High-end,Normal,21.6,21.8,0.24,True
S00574,2026-02,B041,Wrist,Mid-range,Normal,181.4,182.4,0.94,True
S00575,2026-05,B016,Finger,Low-end,Dim,20.4,20.3,0.08,True
S00576,2026-07,B027,Finger,High-end,Normal,14.9,15.1,0.22,True
S00577,2026-09,B008,Finger,Mid-range,Normal,21.3,21.1,0.2,True
S00578,2026-01,B003,Finger,Mid-range,Bright,21.0,21.7,0.67,False
S00579,2026-01,B023,Finger,High-end,Normal,21.3,21.3,0.04,True
S00580,2026-05,B026,Wrist,High-end,Normal,181.5,181.7,0.23,True
S00581,2026-06,B047,Wrist,Mid-range,Normal,170.0,168.9,1.07,True
S00582,2026-05,B015,Wrist,Low-end,Dim,178.0,181.8,3.82,False
S00583,2025-12,B004,Wrist,Low-end,Normal,163.1,164.3,1.27,True
S00584,2026-09,B029,Finger,Mid-range,Normal,19.0,18.3,0.69,False
S00585,2026-04,B022,Finger,Mid-range,Normal,18.4,18.5,0.06,True
S00586,2026-07,B011,Finger,Mid-range,Bright,20.6,20.4,0.26,True
S00587,2025-11,B021,Finger,Low-end,Normal,21.6,22.0,0.39,True
S00588,2026-09,B003,Finger,Mid-range,Normal,18.5,18.0,0.55,False
S00589,2025-11,B046,Neck,Mid-range,Normal,410.8,410.0,0.75,True
S00590,2025-11,B010,Finger,High-end,Dim,17.2,17.2,0.01,True
S00591,2026-09,B027,Wrist,High-end,Normal,188.6,188.9,0.27,True
S00592,2025-11,B045,Wrist,High-end,Normal,178.5,178.3,0.2,True
S00593,2026-06,B018,Neck,Mid-range,Normal,414.1,411.5,2.55,True
S00594,2026-04,B021,Neck,Low-end,Bright,347.2,346.7,0.46,True
S00595,2025-12,B033,Finger,Mid-range,Normal,19.7,20.4,0.72,False
S00596,2026-01,B045,Finger,Mid-range,Bright,16.6,16.4,0.16,True
S00597,2026-05,B021,Finger,High-end,Dim,18.6,18.3,0.3,True
S00598,2026-05,B032,Finger,Mid-range,Normal,17.7,17.2,0.47,True
S00599,2026-03,B027,Finger,High-end,Normal,14.2,14.5,0.37,True
S00600,2026-03,B012,Wrist,Low-end,Normal,165.5,168.6,3.06,False
S00601,2025-12,B018,Wrist,High-end,Bright,177.5,177.7,0.18,True
S00602,2025-10,B032,Wrist,Mid-range,Normal,163.2,165.8,2.61,True
S00603,2026-06,B016,Finger,Mid-range,Bright,19.1,19.2,0.14,True
S00604,2026-02,B029,Finger,Mid-range,Normal,20.8,21.2,0.39,True
S00605,2026-01,B015,Neck,Mid-range,Dim,330.7,331.2,0.53,True
S00606,2026-09,B012,Wrist,High-end,Normal,156.9,158.0,1.14,True
S00607,2025-12,B044,Finger,Low-end,Dim,19.7,19.8,0.1,True
S00608,2026-09,B007,Finger,Mid-range,Normal,20.5,21.1,0.62,False
S00609,2025-11,B001,Wrist,High-end,Normal,154.7,154.0,0.67,True
S00610,2026-04,B015,Finger,High-end,Normal,15.0,14.8,0.2,True
S00611,2026-09,B024,Finger,Mid-range,Normal,16.1,15.8,0.35,True
S00612,2026-02,B028,Neck,Low-end,Normal,374.2,378.4,4.2,True
S00613,2026-06,B031,Wrist,Mid-range,Dim,183.4,182.2,1.22,True
S00614,2026-08,B035,Finger,Mid-range,Normal,14.2,14.1,0.04,True
S00615,2026-02,B040,Wrist,Mid-range,Bright,152.7,155.9,3.17,False
S00616,2026-07,B043,Wrist,Mid-range,Normal,183.0,184.4,1.37,True
S00617,2026-01,B040,Finger,High-end,Normal,18.7,18.9,0.16,True
S00618,2026-04,B007,Neck,Mid-range,Normal,338.7,339.0,0.31,True
S00619,2026-01,B031,Wrist,Mid-range,Dim,153.5,148.8,4.65,False
S00620,2026-01,B013,Finger,Low-end,Dim,21.1,21.0,0.06,True
S00621,2026-09,B012,Finger,Mid-range,Normal,21.8,21.3,0.47,True
S00622,2025-11,B047,Finger,High-end,Dim,21.8,21.5,0.31,True
S00623,2026-01,B018,Neck,Mid-range,Normal,375.7,373.1,2.58,True
S00624,2026-09,B046,Finger,Mid-range,Normal,21.4,21.6,0.16,True
S00625,2026-04,B017,Finger,Low-end,Normal,17.8,17.2,0.58,False
S00626,2026-03,B012,Finger,Mid-range,Normal,19.1,18.9,0.25,True
S00627,2026-04,B024,Neck,High-end,Normal,367.4,367.8,0.38,True
S00628,2026-01,B017,Neck,High-end,Normal,354.3,355.3,1.02,True
S00629,2025-12,B037,Neck,Mid-range,Dim,420.0,421.7,1.71,True
S00630,2026-05,B038,Finger,Mid-range,Normal,20.8,21.2,0.33,True
S00631,2025-12,B013,Wrist,Low-end,Normal,162.7,162.7,0.03,True
S00632,2026-08,B018,Finger,Mid-range,Normal,19.9,20.0,0.06,True
S00633,2025-12,B043,Finger,Mid-range,Normal,14.2,13.9,0.31,True
S00634,2026-02,B047,Finger,Low-end,Normal,14.7,14.0,0.66,False
S00635,2025-10,B046,Wrist,Mid-range,Bright,170.2,169.8,0.35,True
S00636,2025-11,B021,Neck,Mid-range,Bright,347.4,344.8,2.57,True
S00637,2026-01,B016,Finger,Mid-range,Bright,21.3,20.8,0.47,True
S00638,2026-09,B041,Wrist,High-end,Normal,176.2,175.4,0.76,True
S00639,2025-11,B007,Finger,Mid-range,Normal,16.5,16.7,0.17,True
S00640,2026-02,B026,Finger,Mid-range,Dim,21.9,22.3,0.42,True
S00641,2026-03,B021,Finger,Mid-range,Normal,14.1,14.1,0.02,True
S00642,2026-08,B033,Finger,Mid-range,Normal,15.2,14.6,0.6,False
S00643,2025-11,B001,Wrist,Low-end,Normal,185.5,185.9,0.39,True
S00644,2026-09,B029,Neck,Mid-range,Normal,377.1,374.0,3.17,True
S00645,2026-04,B023,Wrist,Low-end,Normal,170.3,169.6,0.7,True
S00646,2025-11,B029,Wrist,High-end,Normal,176.3,175.9,0.37,True
S00647,2025-12,B041,Neck,Mid-range,Bright,367.9,369.0,1.02,True
S00648,2026-01,B032,Neck,High-end,Normal,349.4,347.7,1.68,True
S00649,2026-08,B045,Wrist,Low-end,Normal,154.8,156.0,1.14,True
S00650,2026-01,B007,Wrist,Mid-range,Normal,150.7,152.7,2.0,True
S00651,2026-06,B020,Finger,Mid-range,Normal,16.3,16.3,0.03,True
S00652,2026-04,B017,Wrist,Low-end,Bright,151.8,148.6,3.2,False
S00653,2025-12,B010,Finger,High-end,Normal,17.1,17.0,0.1,True
S00654,2026-08,B037,Neck,Mid-range,Normal,384.8,386.8,2.01,True
S00655,2026-04,B045,Finger,Mid-range,Normal,17.9,18.1,0.25,True
S00656,2025-10,B033,Finger,Low-end,Bright,19.9,19.1,0.82,False
S00657,2026-08,B038,Finger,Mid-range,Normal,20.2,19.9,0.32,True
S00658,2026-03,B017,Finger,Low-end,Dim,16.9,17.2,0.29,True
S00659,2025-10,B001,Finger,High-end,Normal,21.4,20.9,0.48,True
S00660,2026-08,B004,Finger,Mid-range,Normal,15.6,16.0,0.46,True
S00661,2025-12,B006,Finger,Mid-range,Normal,15.7,15.6,0.08,True
S00662,2026-05,B031,Wrist,High-end,Normal,174.6,175.2,0.55,True
S00663,2026-06,B045,Finger,Low-end,Normal,20.4,20.6,0.2,True
S00664,2026-04,B020,Wrist,High-end,Dim,186.7,188.5,1.85,True
S00665,2026-05,B017,Wrist,High-end,Normal,162.1,163.6,1.48,True
S00666,2025-12,B042,Wrist,Low-end,Bright,161.9,161.3,0.67,True
S00667,2026-05,B047,Wrist,High-end,Normal,154.8,155.6,0.82,True
S00668,2026-04,B016,Finger,Low-end,Bright,17.0,17.7,0.64,False
S00669,2026-02,B035,Wrist,High-end,Bright,153.1,154.5,1.44,True
S00670,2026-06,B013,Finger,Mid-range,Normal,14.2,14.6,0.43,True
S00671,2025-12,B017,Neck,Low-end,Normal,405.6,407.6,2.09,True
S00672,2026-04,B024,Neck,High-end,Normal,403.2,405.2,2.04,True
S00673,2026-04,B039,Finger,Low-end,Normal,17.7,17.4,0.27,True
S00674,2025-10,B022,Finger,Low-end,Normal,20.5,20.4,0.11,True
S00675,2026-02,B041,Neck,Mid-range,Normal,344.3,347.5,3.21,True
S00676,2026-08,B021,Neck,Mid-range,Normal,353.8,352.8,0.92,True
S00677,2026-01,B003,Neck,Low-end,Dim,411.6,412.5,0.93,True
S00678,2026-06,B040,Finger,Low-end,Normal,14.1,14.2,0.07,True
S00679,2025-12,B028,Neck,High-end,Normal,331.5,330.8,0.62,True
S00680,2025-12,B025,Wrist,High-end,Dim,168.6,166.1,2.43,True
S00681,2025-10,B026,Finger,Mid-range,Dim,19.7,19.8,0.05,True
S00682,2026-03,B035,Finger,Low-end,Normal,14.2,14.7,0.53,False
S00683,2026-02,B016,Finger,Low-end,Normal,19.0,18.2,0.75,False
S00684,2026-06,B005,Wrist,Low-end,Normal,160.3,158.5,1.81,True
S00685,2025-12,B041,Neck,Mid-range,Normal,356.9,357.8,0.83,True
S00686,2026-07,B001,Wrist,Mid-range,Bright,163.3,162.3,1.02,True
S00687,2026-02,B025,Wrist,Mid-range,Normal,174.0,172.7,1.32,True
S00688,2026-06,B037,Neck,High-end,Bright,358.4,357.7,0.63,True
S00689,2025-10,B048,Finger,Low-end,Normal,14.7,14.4,0.3,True
S00690,2025-12,B042,Finger,Mid-range,Normal,20.9,20.4,0.46,True
S00691,2025-12,B019,Wrist,Mid-range,Dim,169.0,171.8,2.78,True
S00692,2025-11,B010,Wrist,Mid-range,Bright,150.3,148.8,1.48,True
S00693,2025-11,B020,Wrist,Mid-range,Bright,161.4,162.1,0.7,True
S00694,2026-02,B044,Neck,Low-end,Dim,340.1,339.7,0.36,True
S00695,2025-11,B021,Wrist,Mid-range,Normal,173.6,174.7,1.05,True
S00696,2026-09,B020,Finger,Low-end,Normal,15.8,15.9,0.13,True
S00697,2025-10,B014,Wrist,Low-end,Normal,171.8,171.7,0.08,True
S00698,2025-11,B010,Finger,Mid-range,Dim,19.7,20.1,0.45,True
S00699,2026-02,B001,Finger,Mid-range,Normal,17.5,17.7,0.21,True
S00700,2026-08,B037,Wrist,High-end,Normal,151.9,153.2,1.35,True
S00701,2026-02,B026,Neck,Low-end,Normal,364.5,366.0,1.47,True
S00702,2026-05,B012,Finger,Mid-range,Bright,17.9,17.9,0.04,True
S00703,2026-05,B001,Finger,Low-end,Normal,21.0,21.1,0.08,True
S00704,2026-01,B018,Wrist,High-end,Bright,166.9,167.7,0.82,True
S00705,2025-11,B038,Finger,High-end,Normal,14.3,14.0,0.26,True
S00706,2025-10,B009,Neck,Mid-range,Normal,410.9,413.2,2.26,True
S00707,2026-02,B041,Wrist,Mid-range,Bright,171.8,172.7,0.88,True
S00708,2025-12,B021,Finger,Mid-range,Bright,15.8,16.0,0.15,True
S00709,2026-03,B028,Finger,Mid-range,Normal,17.6,17.1,0.54,False
S00710,2026-09,B038,Finger,Low-end,Dim,19.8,19.4,0.39,True
S00711,2026-03,B023,Finger,Mid-range,Dim,15.4,15.4,0.06,True
S00712,2025-11,B046,Neck,Mid-range,Dim,389.8,384.5,5.3,True
S00713,2026-05,B044,Wrist,Low-end,Bright,181.2,180.3,0.84,True
S00714,2025-10,B014,Finger,High-end,Bright,16.9,17.2,0.28,True
S00715,2025-12,B021,Finger,Low-end,Dim,16.5,17.0,0.46,True
S00716,2026-04,B036,Finger,Mid-range,Bright,19.3,19.4,0.09,True
S00717,2025-12,B005,Finger,Mid-range,Normal,17.9,18.8,0.87,False
S00718,2026-02,B036,Finger,Mid-range,Normal,19.9,19.5,0.34,True
S00719,2025-12,B042,Neck,Mid-range,Normal,409.8,411.2,1.45,True
S00720,2026-06,B035,Wrist,Low-end,Normal,174.2,177.5,3.26,False
S00721,2026-09,B036,Wrist,High-end,Dim,151.8,153.0,1.22,True
S00722,2026-09,B031,Neck,Mid-range,Bright,335.2,335.3,0.15,True
S00723,2026-08,B025,Wrist,Low-end,Normal,160.0,157.4,2.57,True
S00724,2026-01,B034,Wrist,Mid-range,Bright,155.3,157.1,1.73,True
S00725,2026-01,B032,Wrist,High-end,Bright,161.3,159.6,1.71,True
S00726,2025-12,B029,Finger,Mid-range,Normal,21.4,21.3,0.06,True
S00727,2026-03,B036,Neck,High-end,Normal,345.1,343.2,1.89,True
S00728,2026-08,B030,Finger,Mid-range,Normal,20.6,20.9,0.36,True
S00729,2025-11,B048,Finger,High-end,Normal,19.9,19.7,0.22,True
S00730,2026-02,B040,Finger,Mid-range,Normal,20.0,19.6,0.43,True
S00731,2026-04,B046,Finger,Mid-range,Normal,17.6,17.4,0.22,True
S00732,2025-11,B013,Finger,Mid-range,Bright,14.9,15.1,0.23,True
S00733,2026-08,B031,Wrist,High-end,Normal,183.1,183.4,0.3,True
S00734,2026-09,B001,Finger,Mid-range,Dim,21.5,21.0,0.45,True
S00735,2026-07,B036,Finger,Mid-range,Normal,20.3,19.9,0.35,True
S00736,2026-03,B001,Finger,Low-end,Normal,21.1,21.1,0.01,True
S00737,2026-06,B010,Finger,High-end,Bright,17.5,17.5,0.02,True
S00738,2026-02,B047,Neck,Mid-range,Normal,371.6,373.3,1.75,True
S00739,2026-09,B043,Finger,Mid-range,Normal,14.8,14.8,0.0,True
S00740,2026-03,B047,Finger,Mid-range,Normal,20.5,20.1,0.43,True
S00741,2026-07,B014,Wrist,Mid-range,Normal,173.6,174.2,0.58,True
S00742,2026-01,B020,Neck,Mid-range,Normal,346.2,347.7,1.46,True
S00743,2026-08,B015,Wrist,High-end,Normal,160.5,160.4,0.06,True
S00744,2026-04,B026,Wrist,Low-end,Normal,179.5,183.1,3.56,False
S00745,2026-07,B011,Finger,Mid-range,Normal,16.7,17.1,0.37,True
S00746,2026-09,B007,Finger,High-end,Dim,20.8,20.6,0.18,True
S00747,2026-06,B036,Finger,Mid-range,Dim,21.4,22.1,0.63,False
S00748,2026-08,B020,Finger,Low-end,Bright,14.4,14.5,0.11,True
S00749,2026-03,B015,Finger,Mid-range,Normal,18.6,18.4,0.23,True
S00750,2026-02,B030,Wrist,Mid-range,Bright,179.6,179.7,0.11,True
S00751,2026-05,B003,Finger,High-end,Bright,15.3,15.2,0.04,True
S00752,2026-02,B016,Wrist,Mid-range,Normal,152.6,153.5,0.84,True
S00753,2025-11,B038,Wrist,High-end,Normal,176.7,177.1,0.32,True
S00754,2026-07,B048,Neck,Mid-range,Normal,335.3,332.8,2.42,True
S00755,2025-11,B032,Neck,Mid-range,Normal,391.3,390.4,0.95,True
S00756,2025-11,B018,Finger,Mid-range,Normal,20.0,19.7,0.26,True
S00757,2026-01,B046,Neck,Mid-range,Dim,403.7,400.9,2.8,True
S00758,2026-03,B018,Wrist,Low-end,Normal,153.7,149.7,4.06,False
S00759,2026-03,B018,Neck,Mid-range,Normal,412.7,415.6,2.89,True
S00760,2025-11,B010,Neck,Mid-range,Bright,358.6,357.5,1.1,True
S00761,2026-08,B006,Neck,Low-end,Normal,332.3,336.9,4.66,True
S00762,2026-05,B043,Wrist,High-end,Dim,156.7,158.8,2.11,True
S00763,2026-02,B042,Finger,Mid-range,Normal,19.4,19.3,0.1,True
S00764,2026-05,B008,Finger,Mid-range,Normal,15.7,15.6,0.08,True
S00765,2025-10,B021,Finger,Mid-range,Normal,17.1,17.2,0.11,True
S00766,2026-06,B013,Finger,Mid-range,Normal,21.3,20.6,0.65,False
S00767,2025-12,B044,Finger,Low-end,Normal,17.1,17.3,0.23,True
S00768,2025-10,B023,Neck,Mid-range,Bright,378.0,374.6,3.41,True
S00769,2026-06,B041,Finger,Low-end,Normal,15.2,15.4,0.2,True
S00770,2026-01,B037,Wrist,Mid-range,Dim,153.4,154.2,0.84,True
S00771,2026-02,B033,Finger,Mid-range,Bright,21.6,21.8,0.21,True
S00772,2025-10,B020,Wrist,High-end,Dim,176.8,179.0,2.19,True
S00773,2026-01,B031,Finger,Mid-range,Dim,16.7,17.2,0.5,True
S00774,2025-10,B023,Wrist,Mid-range,Dim,165.5,164.5,1.03,True
S00775,2026-07,B042,Finger,Mid-range,Normal,16.4,16.1,0.28,True
S00776,2026-04,B007,Finger,Mid-range,Dim,19.4,19.2,0.19,True
S00777,2025-11,B005,Neck,High-end,Normal,359.1,360.6,1.52,True
S00778,2026-04,B009,Finger,Mid-range,Normal,15.9,16.2,0.39,True
S00779,2026-06,B019,Neck,High-end,Dim,391.0,388.8,2.24,True
S00780,2026-01,B024,Neck,Low-end,Bright,341.1,342.6,1.5,True
S00781,2026-09,B021,Finger,High-end,Normal,19.6,19.7,0.05,True
S00782,2026-03,B041,Wrist,Low-end,Normal,190.0,190.7,0.72,True
S00783,2026-06,B018,Finger,Mid-range,Normal,20.7,21.1,0.33,True
S00784,2025-12,B002,Finger,Low-end,Dim,19.0,18.8,0.17,True
S00785,2026-06,B008,Wrist,Mid-range,Normal,156.7,156.6,0.1,True
S00786,2026-01,B041,Finger,Mid-range,Normal,19.5,19.4,0.13,True
S00787,2026-06,B035,Wrist,Mid-range,Bright,158.7,160.4,1.7,True
S00788,2026-01,B020,Finger,Low-end,Dim,17.2,17.7,0.45,True
S00789,2026-01,B002,Finger,Low-end,Normal,16.8,17.0,0.14,True
S00790,2026-06,B013,Finger,Low-end,Dim,21.1,20.7,0.42,True
S00791,2026-08,B014,Wrist,Low-end,Bright,163.6,166.7,3.1,False
S00792,2026-07,B042,Neck,Low-end,Normal,384.9,376.2,8.77,False
S00793,2026-08,B012,Finger,High-end,Normal,16.9,16.5,0.36,True
S00794,2026-01,B037,Finger,Mid-range,Normal,15.0,15.2,0.18,True
S00795,2025-12,B012,Finger,Mid-range,Dim,14.5,12.9,1.61,False
S00796,2026-06,B029,Wrist,Mid-range,Dim,187.1,189.3,2.24,True
S00797,2025-11,B011,Finger,Mid-range,Normal,21.9,22.3,0.41,True
S00798,2026-05,B042,Wrist,High-end,Bright,162.5,161.8,0.72,True
S00799,2026-03,B048,Neck,Low-end,Normal,338.9,346.5,7.58,False
S00800,2026-03,B027,Wrist,Low-end,Dim,160.0,159.4,0.63,True
S00801,2025-10,B002,Finger,High-end,Normal,14.7,13.9,0.79,False
S00802,2026-09,B039,Finger,Low-end,Normal,21.1,21.6,0.52,False
S00803,2025-11,B020,Finger,Low-end,Dim,21.9,22.2,0.36,True
S00804,2025-12,B029,Finger,Mid-range,Normal,21.4,21.2,0.15,True
S00805,2026-09,B033,Finger,Mid-range,Normal,16.6,16.1,0.47,True
S00806,2026-07,B041,Wrist,Low-end,Normal,176.4,170.8,5.59,False
S00807,2026-01,B017,Finger,Low-end,Normal,16.0,16.0,0.02,True
S00808,2026-08,B005,Wrist,Mid-range,Normal,169.7,169.5,0.17,True
S00809,2026-05,B019,Wrist,Mid-range,Bright,169.6,170.1,0.45,True
S00810,2026-03,B003,Finger,High-end,Normal,18.5,18.5,0.01,True
S00811,2026-03,B045,Finger,High-end,Normal,16.0,16.0,0.01,True
S00812,2026-01,B039,Finger,Mid-range,Dim,20.4,19.5,0.82,False
S00813,2026-01,B018,Wrist,Low-end,Bright,150.6,151.8,1.24,True
S00814,2025-12,B029,Wrist,Mid-range,Normal,155.0,155.5,0.49,True
S00815,2026-03,B014,Neck,Mid-range,Bright,367.1,368.7,1.59,True
S00816,2026-05,B002,Finger,Mid-range,Normal,17.8,18.0,0.19,True
S00817,2025-11,B004,Finger,High-end,Normal,16.3,16.0,0.26,True
S00818,2026-08,B039,Wrist,Low-end,Normal,165.1,159.3,5.84,False
S00819,2026-01,B031,Finger,Mid-range,Bright,20.4,20.5,0.12,True
S00820,2026-03,B011,Neck,Mid-range,Bright,405.7,404.7,1.04,True
S00821,2026-01,B020,Finger,Mid-range,Normal,20.8,20.8,0.02,True
S00822,2026-07,B039,Finger,High-end,Normal,18.5,18.5,0.05,True
S00823,2026-01,B011,Wrist,Mid-range,Bright,157.2,156.9,0.38,True
S00824,2026-03,B024,Wrist,Low-end,Normal,176.4,173.2,3.17,False
S00825,2025-12,B030,Finger,Mid-range,Normal,14.8,15.0,0.23,True
S00826,2026-03,B029,Wrist,Low-end,Bright,178.4,176.7,1.73,True
S00827,2026-05,B025,Wrist,Mid-range,Normal,175.4,177.1,1.74,True
S00828,2026-01,B045,Wrist,Mid-range,Normal,176.7,176.3,0.44,True
S00829,2026-09,B029,Wrist,Mid-range,Bright,170.9,171.7,0.82,True
S00830,2026-05,B011,Wrist,Mid-range,Normal,187.5,187.2,0.38,True
S00831,2026-03,B031,Finger,Mid-range,Normal,14.6,14.9,0.38,True
S00832,2026-03,B045,Wrist,Low-end,Normal,188.9,193.2,4.31,False
S00833,2025-11,B027,Finger,Mid-range,Normal,17.0,17.2,0.19,True
S00834,2025-12,B043,Wrist,Low-end,Dim,180.7,170.4,10.31,False
S00835,2026-06,B016,Wrist,Mid-range,Normal,151.9,149.8,2.11,True
S00836,2026-05,B006,Finger,Mid-range,Dim,19.6,20.0,0.39,True
S00837,2026-03,B019,Finger,Low-end,Normal,14.9,14.9,0.02,True
S00838,2026-03,B032,Finger,Mid-range,Normal,19.4,19.6,0.24,True
S00839,2026-01,B017,Neck,Low-end,Normal,413.1,406.2,6.9,False
S00840,2026-09,B032,Finger,Mid-range,Normal,19.3,19.1,0.12,True
S00841,2026-03,B020,Finger,Low-end,Dim,15.9,16.8,0.89,False
S00842,2026-03,B034,Finger,High-end,Normal,20.7,20.6,0.06,True
S00843,2025-11,B046,Finger,Mid-range,Normal,15.6,15.9,0.25,True
S00844,2026-09,B047,Wrist,Mid-range,Normal,189.7,188.3,1.45,True
S00845,2026-06,B047,Wrist,Low-end,Normal,174.8,184.5,9.66,False
S00846,2026-07,B038,Neck,Mid-range,Normal,347.2,353.6,6.41,False
S00847,2026-01,B028,Wrist,Low-end,Bright,179.4,178.4,0.98,True
S00848,2026-02,B022,Wrist,Low-end,Dim,170.9,166.3,4.59,False
S00849,2026-05,B031,Finger,Mid-range,Normal,15.4,15.8,0.37,True
S00850,2026-04,B006,Neck,Low-end,Normal,351.1,353.2,2.11,True
S00851,2025-12,B005,Wrist,Low-end,Dim,181.6,184.9,3.27,False
S00852,2026-08,B039,Wrist,Low-end,Bright,177.5,177.7,0.23,True
S00853,2025-11,B015,Neck,High-end,Bright,384.7,384.9,0.24,True
S00854,2026-03,B004,Finger,Mid-range,Bright,14.9,15.2,0.28,True
S00855,2026-04,B017,Finger,Low-end,Normal,21.3,22.7,1.38,False
S00856,2026-01,B018,Wrist,Mid-range,Dim,157.7,160.4,2.71,True
S00857,2026-06,B025,Neck,High-end,Normal,352.4,351.6,0.87,True
S00858,2025-12,B002,Wrist,High-end,Normal,152.2,153.6,1.45,True
S00859,2026-03,B032,Finger,Low-end,Dim,20.8,21.0,0.22,True
S00860,2026-05,B007,Neck,Mid-range,Normal,392.7,390.7,2.06,True
S00861,2026-02,B017,Finger,Low-end,Dim,21.4,21.7,0.35,True
S00862,2026-03,B033,Neck,High-end,Normal,345.5,346.6,1.1,True
S00863,2026-03,B004,Neck,Mid-range,Bright,380.6,379.6,1.02,True
S00864,2026-03,B009,Neck,Mid-range,Bright,361.3,364.8,3.42,True
S00865,2026-07,B038,Neck,Low-end,Normal,351.8,351.2,0.59,True
S00866,2026-07,B026,Wrist,Low-end,Dim,151.2,148.6,2.58,True
S00867,2026-02,B020,Neck,Mid-range,Normal,406.6,408.7,2.19,True
S00868,2026-01,B016,Finger,Low-end,Normal,16.6,16.8,0.13,True
S00869,2025-10,B034,Wrist,Mid-range,Dim,160.3,162.6,2.28,True
S00870,2026-05,B021,Neck,Mid-range,Normal,400.9,400.5,0.39,True
S00871,2025-11,B012,Finger,High-end,Dim,18.3,17.8,0.42,True
S00872,2025-10,B013,Finger,High-end,Normal,15.0,15.0,0.01,True
S00873,2026-05,B028,Neck,Low-end,Normal,409.8,418.4,8.6,False
S00874,2025-12,B043,Neck,Mid-range,Normal,350.3,354.7,4.4,True
S00875,2026-03,B047,Finger,Mid-range,Normal,18.1,18.6,0.47,True
S00876,2025-11,B038,Finger,High-end,Dim,18.7,19.1,0.41,True
S00877,2026-04,B037,Neck,High-end,Normal,372.5,368.4,4.04,True
S00878,2026-02,B039,Wrist,Low-end,Normal,160.0,159.5,0.54,True
S00879,2026-05,B004,Wrist,Mid-range,Dim,151.7,147.9,3.76,False
S00880,2026-07,B045,Wrist,Mid-range,Normal,190.0,191.1,1.14,True
S00881,2026-02,B020,Finger,High-end,Normal,19.0,19.3,0.35,True
S00882,2025-12,B008,Finger,Low-end,Normal,19.7,21.0,1.25,False
S00883,2026-04,B034,Wrist,Mid-range,Normal,177.0,178.9,1.86,True
S00884,2026-06,B013,Finger,Mid-range,Normal,16.0,16.0,0.03,True
S00885,2026-09,B043,Finger,Low-end,Bright,15.9,15.4,0.52,False
S00886,2026-04,B040,Neck,High-end,Normal,341.1,343.6,2.52,True
S00887,2026-07,B026,Finger,High-end,Normal,19.6,19.9,0.24,True
S00888,2026-06,B046,Finger,Mid-range,Normal,15.6,15.5,0.05,True
S00889,2026-04,B017,Neck,Mid-range,Bright,375.3,372.9,2.41,True
S00890,2026-02,B009,Wrist,High-end,Bright,187.2,187.2,0.01,True
S00891,2026-01,B007,Wrist,Mid-range,Normal,171.5,169.9,1.63,True
S00892,2026-02,B031,Wrist,Mid-range,Bright,184.1,183.9,0.18,True
S00893,2026-06,B037,Finger,Mid-range,Normal,17.8,17.6,0.21,True
S00894,2026-01,B010,Wrist,Mid-range,Normal,158.7,157.0,1.73,True
S00895,2026-03,B042,Neck,Mid-range,Normal,398.3,398.2,0.09,True
S00896,2026-03,B034,Wrist,High-end,Bright,187.1,187.3,0.22,True
S00897,2026-08,B017,Finger,Low-end,Normal,15.5,16.1,0.6,False
S00898,2026-02,B018,Finger,High-end,Normal,15.8,15.8,0.01,True
S00899,2025-11,B040,Finger,Mid-range,Dim,20.2,20.2,0.09,True
S00900,2026-06,B011,Finger,Mid-range,Bright,14.0,13.6,0.43,True
S00901,2026-07,B007,Neck,Mid-range,Bright,379.7,379.6,0.13,True
S00902,2026-03,B021,Neck,High-end,Normal,391.9,391.1,0.86,True
S00903,2026-04,B019,Wrist,Mid-range,Bright,156.6,158.6,1.99,True
S00904,2025-10,B014,Finger,Mid-range,Bright,15.2,15.5,0.26,True
S00905,2025-10,B047,Neck,Mid-range,Normal,341.2,338.0,3.2,True
S00906,2026-03,B047,Finger,High-end,Dim,17.6,17.2,0.44,True
S00907,2026-01,B017,Wrist,Mid-range,Bright,165.1,164.8,0.21,True
S00908,2026-06,B001,Finger,Mid-range,Normal,17.9,18.2,0.35,True
S00909,2026-04,B007,Finger,Mid-range,Normal,19.4,19.8,0.46,True
S00910,2026-02,B013,Wrist,Low-end,Normal,168.0,168.3,0.3,True
S00911,2026-08,B032,Finger,Low-end,Normal,16.0,16.2,0.24,True
S00912,2026-08,B018,Finger,Mid-range,Bright,15.1,14.8,0.26,True
S00913,2026-05,B037,Wrist,High-end,Normal,175.5,176.1,0.54,True
S00914,2026-06,B047,Finger,Low-end,Dim,20.7,20.8,0.11,True
S00915,2025-10,B031,Neck,High-end,Dim,375.2,377.4,2.12,True
S00916,2025-11,B046,Finger,Low-end,Dim,17.4,17.3,0.04,True
S00917,2026-02,B035,Finger,Mid-range,Bright,21.7,21.7,0.02,True
S00918,2025-11,B046,Neck,High-end,Normal,350.9,348.9,2.0,True
S00919,2025-10,B016,Neck,High-end,Normal,376.0,375.5,0.48,True
S00920,2026-03,B016,Neck,Mid-range,Dim,392.0,395.7,3.64,True
S00921,2026-06,B012,Finger,Mid-range,Normal,19.5,19.8,0.31,True
S00922,2025-10,B010,Finger,High-end,Bright,16.5,16.1,0.36,True
S00923,2026-03,B020,Finger,Mid-range,Bright,15.4,15.0,0.43,True
S00924,2025-11,B044,Finger,Low-end,Dim,14.9,15.2,0.25,True
S00925,2025-12,B030,Wrist,High-end,Normal,177.6,178.5,0.87,True
S00926,2026-02,B042,Wrist,High-end,Normal,177.2,178.3,1.09,True
S00927,2026-09,B041,Wrist,High-end,Normal,156.4,157.1,0.66,True
S00928,2026-01,B024,Finger,Mid-range,Dim,17.5,18.5,0.97,False
S00929,2025-12,B046,Neck,Low-end,Dim,418.6,421.3,2.66,True
S00930,2026-03,B037,Wrist,High-end,Normal,168.7,169.6,0.94,True
S00931,2025-12,B047,Wrist,Mid-range,Normal,188.1,190.0,1.9,True
S00932,2026-01,B032,Wrist,Mid-range,Bright,185.2,181.8,3.47,False
S00933,2026-03,B007,Wrist,High-end,Normal,173.7,173.4,0.27,True
S00934,2025-11,B001,Finger,Mid-range,Bright,14.1,13.8,0.32,True
S00935,2025-10,B011,Wrist,Mid-range,Normal,160.8,160.4,0.42,True
S00936,2026-04,B020,Finger,Low-end,Dim,20.2,19.8,0.33,True
S00937,2026-01,B037,Finger,Mid-range,Bright,14.3,14.4,0.02,True
S00938,2026-08,B023,Finger,Mid-range,Dim,20.9,21.2,0.25,True
S00939,2026-04,B031,Finger,Mid-range,Bright,19.8,19.6,0.18,True
S00940,2026-07,B006,Finger,High-end,Normal,14.7,15.2,0.46,True
S00941,2025-11,B022,Neck,Low-end,Normal,333.8,335.7,1.93,True
S00942,2026-06,B042,Finger,Low-end,Normal,21.6,21.3,0.27,True
S00943,2026-05,B012,Wrist,Low-end,Normal,179.2,179.0,0.19,True
S00944,2025-11,B036,Neck,Mid-range,Bright,361.6,359.3,2.28,True
S00945,2026-07,B039,Finger,Mid-range,Normal,21.0,21.5,0.56,False
S00946,2026-06,B034,Finger,High-end,Normal,16.5,16.8,0.25,True
S00947,2025-11,B013,Wrist,Low-end,Bright,158.7,158.5,0.15,True
S00948,2026-08,B021,Finger,Mid-range,Normal,17.4,18.2,0.73,False
S00949,2026-06,B042,Finger,Mid-range,Normal,20.2,20.4,0.29,True
S00950,2026-06,B011,Wrist,Low-end,Dim,162.7,162.2,0.55,True
S00951,2026-05,B013,Finger,Low-end,Dim,14.4,14.5,0.09,True
S00952,2026-02,B027,Wrist,Mid-range,Normal,181.4,182.7,1.35,True
S00953,2026-04,B029,Wrist,Mid-range,Normal,154.9,154.0,0.86,True
S00954,2025-11,B022,Finger,Mid-range,Bright,17.5,18.1,0.52,False
S00955,2026-02,B012,Finger,Low-end,Dim,14.9,14.8,0.12,True
S00956,2026-06,B042,Finger,Low-end,Bright,17.7,17.5,0.16,True
S00957,2026-08,B010,Neck,Mid-range,Normal,352.5,353.8,1.29,True
S00958,2026-08,B008,Wrist,Mid-range,Bright,184.4,185.3,0.89,True
S00959,2025-11,B031,Neck,Mid-range,Normal,352.1,354.9,2.8,True
S00960,2026-07,B035,Finger,Low-end,Normal,19.6,19.0,0.57,False
S00961,2026-05,B004,Neck,Mid-range,Normal,377.6,378.3,0.71,True
S00962,2026-09,B011,Finger,High-end,Bright,19.1,18.7,0.38,True
S00963,2026-09,B023,Finger,High-end,Normal,18.1,18.1,0.0,True
S00964,2026-02,B004,Finger,High-end,Normal,18.9,18.9,0.04,True
S00965,2025-10,B002,Neck,Low-end,Normal,356.0,359.2,3.2,True
S00966,2026-02,B036,Wrist,Mid-range,Dim,169.9,171.5,1.59,True
S00967,2025-12,B025,Finger,High-end,Dim,19.1,19.2,0.02,True
S00968,2026-05,B037,Finger,Low-end,Normal,20.5,20.6,0.06,True
S00969,2026-05,B004,Wrist,Mid-range,Dim,183.0,180.8,2.12,True
S00970,2025-11,B014,Finger,Mid-range,Dim,20.6,21.5,0.92,False
S00971,2026-07,B019,Finger,Low-end,Normal,18.6,18.4,0.2,True
S00972,2026-08,B016,Finger,Mid-range,Bright,15.1,15.2,0.06,True
S00973,2026-01,B033,Wrist,High-end,Normal,174.2,172.5,1.74,True
S00974,2026-07,B012,Finger,Mid-range,Normal,16.0,16.4,0.41,True
S00975,2026-08,B023,Finger,Mid-range,Bright,21.3,21.1,0.28,True
S00976,2026-01,B018,Finger,Mid-range,Dim,17.5,17.6,0.08,True
S00977,2025-11,B005,Neck,Mid-range,Normal,357.7,365.4,7.66,False
S00978,2025-12,B030,Finger,Mid-range,Dim,18.9,18.0,0.88,False
S00979,2026-02,B024,Neck,Mid-range,Normal,410.2,406.4,3.76,True
S00980,2026-09,B040,Finger,Mid-range,Bright,20.5,20.4,0.13,True
S00981,2026-04,B026,Finger,Mid-range,Dim,20.6,20.4,0.24,True
S00982,2026-01,B004,Finger,Mid-range,Dim,18.7,18.2,0.47,True
S00983,2026-05,B043,Finger,Mid-range,Normal,20.7,20.5,0.17,True
S00984,2026-03,B003,Neck,Low-end,Normal,382.0,374.0,7.99,False
S00985,2026-04,B034,Wrist,Mid-range,Normal,170.1,169.3,0.73,True
S00986,2026-09,B006,Neck,High-end,Normal,337.7,339.8,2.12,True
S00987,2026-06,B004,Finger,Mid-range,Normal,19.3,19.2,0.06,True
S00988,2026-01,B039,Finger,Mid-range,Normal,18.2,18.0,0.17,True
S00989,2026-06,B010,Finger,Mid-range,Bright,17.1,16.8,0.35,True
S00990,2026-03,B044,Finger,High-end,Normal,15.7,15.5,0.24,True
S00991,2026-09,B029,Neck,High-end,Bright,356.2,356.8,0.6,True
S00992,2026-04,B043,Finger,High-end,Normal,17.2,16.9,0.35,True
S00993,2026-05,B025,Wrist,High-end,Normal,176.7,175.9,0.81,True
S00994,2026-05,B025,Neck,Mid-range,Normal,352.3,351.1,1.2,True
S00995,2026-01,B032,Finger,High-end,Normal,19.8,19.4,0.39,True
S00996,2026-08,B018,Finger,Mid-range,Normal,21.0,20.9,0.05,True
S00997,2026-08,B038,Wrist,High-end,Normal,189.7,189.6,0.11,True
S00998,2026-08,B045,Finger,Low-end,Normal,14.7,15.8,1.09,False
S00999,2025-11,B036,Finger,Mid-range,Bright,16.5,16.2,0.36,True
S01000,2025-11,B033,Finger,Mid-range,Normal,19.5,19.6,0.12,True
S01001,2026-02,B001,Neck,Mid-range,Normal,403.5,402.8,0.63,True
S01002,2026-03,B038,Finger,Mid-range,Normal,20.3,20.1,0.23,True
S01003,2026-04,B005,Finger,Low-end,Bright,15.1,15.8,0.67,False
S01004,2026-01,B019,Finger,Mid-range,Normal,20.0,19.7,0.28,True
S01005,2026-06,B035,Finger,Mid-range,Normal,18.1,17.7,0.44,True
S01006,2026-09,B024,Finger,High-end,Normal,16.8,17.0,0.12,True
S01007,2026-05,B028,Wrist,Mid-range,Normal,158.9,157.9,0.95,True
S01008,2025-10,B048,Neck,Mid-range,Normal,379.5,382.7,3.15,True
S01009,2026-06,B046,Finger,High-end,Bright,20.0,20.3,0.34,True
S01010,2025-10,B028,Finger,Low-end,Normal,14.8,15.1,0.24,True
S01011,2026-05,B039,Finger,Mid-range,Normal,16.7,17.4,0.64,False
S01012,2025-12,B012,Wrist,High-end,Normal,174.8,176.2,1.4,True
S01013,2025-11,B037,Wrist,Mid-range,Bright,164.1,164.4,0.35,True
S01014,2025-10,B042,Neck,High-end,Normal,391.4,393.8,2.45,True
S01015,2026-08,B008,Wrist,Mid-range,Dim,167.0,164.4,2.57,True
S01016,2025-12,B042,Neck,Mid-range,Normal,340.4,335.4,5.03,True
S01017,2026-01,B005,Wrist,High-end,Dim,184.8,181.5,3.37,False
S01018,2026-09,B044,Finger,Low-end,Normal,16.4,16.5,0.07,True
S01019,2026-03,B022,Finger,High-end,Normal,21.8,22.0,0.17,True
S01020,2026-08,B048,Finger,High-end,Bright,16.1,16.2,0.08,True
S01021,2026-06,B038,Finger,High-end,Dim,17.6,17.2,0.37,True
S01022,2026-09,B038,Neck,Mid-range,Normal,351.4,357.2,5.8,True
S01023,2025-11,B045,Finger,Low-end,Normal,15.9,15.6,0.31,True
S01024,2025-12,B003,Wrist,Mid-range,Normal,179.1,176.5,2.65,True
S01025,2026-06,B045,Finger,Low-end,Normal,19.6,19.4,0.21,True
S01026,2025-12,B012,Neck,Low-end,Normal,372.8,376.8,4.08,True
S01027,2026-03,B047,Finger,Mid-range,Normal,20.1,20.1,0.04,True
S01028,2026-03,B022,Neck,High-end,Bright,361.2,364.4,3.16,True
S01029,2026-08,B002,Neck,Mid-range,Normal,376.9,373.1,3.76,True
S01030,2026-04,B023,Neck,Mid-range,Normal,362.9,365.4,2.43,True
S01031,2025-12,B041,Neck,Low-end,Normal,351.2,350.6,0.68,True
S01032,2026-07,B021,Wrist,Mid-range,Normal,172.7,175.9,3.21,False
S01033,2026-05,B015,Wrist,High-end,Bright,169.8,170.2,0.36,True
S01034,2026-08,B023,Finger,Mid-range,Normal,17.3,17.8,0.57,False
S01035,2026-09,B001,Neck,High-end,Bright,370.3,370.6,0.27,True
S01036,2026-07,B029,Finger,Mid-range,Bright,21.1,21.3,0.19,True
S01037,2026-08,B027,Wrist,Low-end,Dim,171.1,161.6,9.53,False
S01038,2026-09,B011,Finger,Low-end,Dim,20.0,21.6,1.61,False
S01039,2026-05,B027,Neck,High-end,Normal,379.9,380.6,0.7,True
S01040,2026-03,B013,Finger,Low-end,Dim,20.2,20.1,0.11,True
S01041,2026-05,B037,Finger,Mid-range,Bright,15.6,15.7,0.15,True
S01042,2026-06,B015,Wrist,Mid-range,Normal,158.0,156.1,1.9,True
S01043,2025-10,B019,Finger,Low-end,Normal,15.5,14.8,0.64,False
S01044,2026-02,B045,Finger,Mid-range,Bright,21.2,20.8,0.34,True
S01045,2026-09,B024,Finger,Mid-range,Dim,17.1,16.0,1.04,False
S01046,2026-08,B013,Wrist,Low-end,Normal,162.8,162.2,0.61,True
S01047,2026-09,B040,Wrist,Low-end,Bright,150.3,149.8,0.51,True
S01048,2026-02,B032,Neck,Mid-range,Normal,357.9,357.6,0.35,True
S01049,2026-02,B036,Wrist,Low-end,Normal,151.6,152.5,0.88,True
S01050,2026-08,B017,Neck,Mid-range,Bright,331.7,326.9,4.75,True
S01051,2026-05,B022,Finger,Mid-range,Dim,16.9,17.2,0.29,True
S01052,2026-05,B041,Neck,Mid-range,Normal,372.0,367.8,4.18,True
S01053,2026-02,B010,Finger,Mid-range,Normal,21.0,21.0,0.0,True
S01054,2026-03,B024,Wrist,High-end,Bright,174.8,174.0,0.85,True
S01055,2026-04,B041,Finger,Low-end,Normal,14.9,14.5,0.37,True
S01056,2026-04,B019,Wrist,High-end,Dim,152.4,152.4,0.02,True
S01057,2025-12,B011,Finger,Mid-range,Normal,14.5,14.0,0.47,True
S01058,2026-03,B010,Finger,Mid-range,Normal,17.4,17.7,0.25,True
S01059,2026-08,B010,Neck,Mid-range,Normal,375.9,377.5,1.59,True
S01060,2026-04,B040,Wrist,High-end,Bright,173.7,173.8,0.15,True
S01061,2026-06,B040,Finger,Low-end,Dim,21.5,22.2,0.71,False
S01062,2026-06,B043,Finger,Low-end,Normal,17.3,16.8,0.51,False
S01063,2025-10,B006,Finger,Mid-range,Normal,15.1,15.1,0.02,True
S01064,2026-07,B024,Finger,Mid-range,Normal,18.8,18.9,0.15,True
S01065,2025-10,B025,Finger,High-end,Bright,20.0,20.0,0.0,True
S01066,2025-11,B023,Wrist,High-end,Normal,173.1,172.5,0.64,True
S01067,2026-04,B020,Wrist,Low-end,Normal,156.9,154.7,2.2,True
S01068,2026-07,B010,Finger,Mid-range,Bright,17.4,17.6,0.13,True
S01069,2025-10,B043,Wrist,High-end,Dim,169.2,168.6,0.55,True
S01070,2026-02,B035,Wrist,High-end,Normal,152.5,151.9,0.58,True
S01071,2026-03,B044,Finger,Mid-range,Normal,16.6,16.4,0.18,True
S01072,2026-03,B021,Finger,High-end,Dim,14.4,14.4,0.04,True
S01073,2025-11,B036,Finger,High-end,Normal,18.7,18.9,0.16,True
S01074,2026-06,B027,Wrist,Mid-range,Bright,165.9,162.6,3.3,False
S01075,2026-08,B047,Finger,High-end,Dim,18.6,18.5,0.14,True
S01076,2026-05,B001,Finger,High-end,Dim,21.0,20.8,0.16,True
S01077,2026-05,B025,Finger,Low-end,Dim,19.3,19.5,0.21,True
S01078,2026-02,B004,Wrist,Mid-range,Dim,160.0,158.7,1.33,True
S01079,2026-08,B015,Finger,Mid-range,Normal,16.9,16.7,0.18,True
S01080,2026-01,B034,Neck,High-end,Normal,402.1,404.3,2.16,True
S01081,2026-08,B027,Wrist,Mid-range,Bright,155.1,157.7,2.55,True
S01082,2026-01,B021,Finger,High-end,Normal,18.0,18.1,0.16,True
S01083,2026-07,B035,Finger,Mid-range,Dim,18.1,18.3,0.21,True
S01084,2025-12,B019,Wrist,High-end,Normal,158.1,159.0,0.9,True
S01085,2026-08,B021,Finger,Low-end,Normal,16.7,16.4,0.35,True
S01086,2026-09,B031,Finger,Mid-range,Normal,16.6,16.2,0.42,True
S01087,2026-06,B023,Wrist,High-end,Normal,188.3,187.7,0.64,True
S01088,2025-12,B033,Finger,Mid-range,Normal,18.2,17.6,0.58,False
S01089,2026-01,B045,Finger,Mid-range,Normal,21.9,21.7,0.21,True
S01090,2026-01,B038,Finger,High-end,Normal,15.0,15.1,0.07,True
S01091,2026-04,B033,Wrist,Low-end,Dim,186.9,187.4,0.51,True
S01092,2026-01,B042,Finger,Mid-range,Normal,16.8,16.9,0.1,True
S01093,2025-12,B005,Wrist,Low-end,Normal,165.8,168.2,2.31,True
S01094,2026-07,B024,Wrist,Mid-range,Dim,156.7,157.1,0.35,True
S01095,2026-08,B026,Finger,High-end,Bright,17.3,17.3,0.06,True
S01096,2026-04,B019,Finger,Mid-range,Bright,21.4,21.8,0.35,True
S01097,2026-07,B015,Finger,Mid-range,Normal,16.1,16.0,0.08,True
S01098,2026-01,B016,Finger,Mid-range,Normal,16.0,15.2,0.73,False
S01099,2026-09,B036,Neck,Mid-range,Normal,374.3,372.7,1.61,True
S01100,2026-09,B032,Neck,Low-end,Normal,401.2,405.4,4.21,True
S01101,2025-12,B015,Finger,Mid-range,Bright,17.6,17.4,0.2,True
S01102,2026-06,B037,Finger,Mid-range,Dim,19.4,19.1,0.26,True
S01103,2026-07,B008,Wrist,Mid-range,Normal,153.2,154.0,0.75,True
S01104,2026-08,B012,Finger,Mid-range,Dim,16.1,17.1,0.99,False
S01105,2026-01,B026,Wrist,Mid-range,Normal,154.7,159.2,4.52,False
S01106,2026-04,B031,Finger,Mid-range,Bright,21.8,22.0,0.17,True
S01107,2026-02,B024,Finger,High-end,Normal,16.1,16.1,0.03,True
S01108,2026-03,B013,Wrist,Low-end,Normal,184.9,184.3,0.55,True
S01109,2026-09,B029,Wrist,Mid-range,Normal,154.0,152.9,1.12,True
S01110,2025-11,B015,Wrist,Low-end,Normal,178.2,178.5,0.36,True
S01111,2026-06,B012,Wrist,High-end,Normal,183.7,182.9,0.88,True
S01112,2025-12,B007,Neck,Low-end,Bright,345.6,350.2,4.54,True
S01113,2026-06,B025,Neck,Mid-range,Normal,357.7,351.3,6.41,False
S01114,2026-03,B025,Finger,High-end,Normal,14.2,14.4,0.17,True
S01115,2026-01,B029,Finger,Low-end,Normal,18.2,17.9,0.31,True
S01116,2025-10,B003,Finger,Low-end,Dim,21.4,20.9,0.46,True
S01117,2026-02,B029,Finger,Mid-range,Bright,17.0,17.3,0.36,True
S01118,2025-10,B004,Neck,Low-end,Dim,405.2,407.6,2.35,True
S01119,2026-07,B041,Finger,High-end,Normal,17.2,17.0,0.21,True
S01120,2026-09,B015,Finger,Mid-range,Normal,18.8,18.7,0.07,True
S01121,2026-06,B019,Finger,High-end,Normal,16.6,17.0,0.46,True
S01122,2026-05,B031,Neck,High-end,Normal,381.3,380.4,0.9,True
S01123,2026-02,B036,Wrist,Mid-range,Dim,152.6,156.0,3.41,False
S01124,2026-07,B006,Finger,High-end,Normal,21.1,21.0,0.14,True
S01125,2026-07,B008,Wrist,High-end,Bright,188.5,188.7,0.13,True
S01126,2026-08,B016,Finger,Mid-range,Normal,15.8,15.6,0.26,True
S01127,2026-07,B029,Neck,Mid-range,Normal,379.4,379.6,0.26,True
S01128,2026-07,B031,Finger,Low-end,Normal,18.8,18.9,0.15,True
S01129,2026-09,B014,Finger,Low-end,Dim,18.9,19.4,0.54,False
S01130,2025-12,B014,Finger,Low-end,Normal,14.5,15.1,0.7,False
S01131,2026-03,B034,Neck,Mid-range,Dim,417.9,418.2,0.26,True
S01132,2026-04,B010,Finger,Low-end,Normal,18.1,17.8,0.33,True
S01133,2026-02,B010,Finger,Low-end,Bright,16.9,17.1,0.21,True
S01134,2026-03,B031,Finger,Low-end,Normal,16.5,16.4,0.13,True
S01135,2025-12,B048,Wrist,Low-end,Normal,180.1,178.1,2.04,True
S01136,2026-04,B021,Wrist,High-end,Bright,151.1,150.7,0.37,True
S01137,2026-04,B008,Wrist,Mid-range,Normal,162.6,160.6,1.91,True
S01138,2026-06,B026,Neck,High-end,Normal,390.6,388.6,2.04,True
S01139,2026-03,B002,Neck,Mid-range,Dim,364.5,365.9,1.36,True
S01140,2026-05,B014,Wrist,High-end,Dim,170.9,168.1,2.72,True
S01141,2026-06,B040,Finger,Mid-range,Dim,18.3,18.4,0.02,True
S01142,2025-12,B024,Finger,Mid-range,Bright,17.0,17.2,0.19,True
S01143,2026-01,B041,Finger,High-end,Normal,21.1,20.9,0.15,True
S01144,2026-04,B032,Finger,Mid-range,Bright,20.4,20.6,0.13,True
S01145,2026-09,B047,Wrist,Mid-range,Normal,173.6,172.0,1.62,True
S01146,2025-12,B024,Neck,Mid-range,Normal,363.1,366.9,3.82,True
S01147,2026-05,B046,Neck,Low-end,Dim,390.9,399.3,8.37,False
S01148,2025-11,B029,Wrist,Low-end,Dim,157.5,153.7,3.75,False
S01149,2026-04,B032,Finger,High-end,Normal,19.8,19.9,0.16,True
S01150,2026-09,B003,Finger,Mid-range,Normal,21.4,21.7,0.3,True
S01151,2026-09,B034,Neck,Mid-range,Normal,333.4,329.1,4.28,True
S01152,2026-09,B002,Wrist,Mid-range,Normal,162.6,162.9,0.3,True
S01153,2026-08,B041,Wrist,Mid-range,Bright,160.4,160.3,0.15,True
S01154,2026-09,B011,Wrist,High-end,Normal,169.5,169.5,0.08,True
S01155,2026-08,B007,Neck,High-end,Normal,419.5,419.7,0.16,True
S01156,2026-08,B002,Wrist,Low-end,Normal,165.4,168.6,3.21,False
S01157,2025-11,B027,Finger,Mid-range,Normal,15.3,15.6,0.33,True
S01158,2025-12,B048,Neck,Low-end,Normal,377.7,383.2,5.56,True
S01159,2026-07,B033,Finger,Mid-range,Normal,17.0,17.0,0.01,True
S01160,2026-05,B004,Neck,High-end,Dim,406.8,408.2,1.36,True
S01161,2025-12,B045,Finger,Low-end,Normal,14.7,16.4,1.69,False
S01162,2025-10,B016,Wrist,Mid-range,Bright,187.3,187.2,0.16,True
S01163,2026-09,B004,Finger,Low-end,Normal,16.3,16.6,0.3,True
S01164,2025-12,B037,Neck,Low-end,Normal,383.4,386.1,2.76,True
S01165,2026-01,B045,Neck,High-end,Normal,354.8,353.3,1.52,True
S01166,2025-12,B030,Neck,Low-end,Normal,330.1,330.9,0.76,True
S01167,2026-05,B019,Finger,High-end,Normal,18.8,19.0,0.15,True
S01168,2026-05,B038,Wrist,Mid-range,Dim,188.2,186.5,1.66,True
S01169,2026-08,B040,Finger,Mid-range,Normal,15.8,15.3,0.52,False
S01170,2025-11,B045,Finger,High-end,Normal,20.4,20.4,0.09,True
S01171,2026-05,B001,Finger,Mid-range,Normal,19.2,19.6,0.38,True
S01172,2026-02,B006,Neck,High-end,Normal,402.2,403.2,1.07,True
S01173,2026-05,B008,Finger,High-end,Bright,16.4,16.3,0.03,True
S01174,2026-03,B007,Finger,Mid-range,Normal,14.1,14.2,0.13,True
S01175,2026-02,B040,Finger,High-end,Bright,15.0,15.1,0.1,True
S01176,2025-11,B004,Finger,High-end,Normal,19.0,18.9,0.06,True
S01177,2026-04,B002,Neck,Mid-range,Bright,419.1,421.3,2.19,True
S01178,2026-01,B015,Wrist,Mid-range,Dim,184.8,185.7,0.94,True
S01179,2026-05,B016,Wrist,High-end,Normal,189.7,188.9,0.75,True
S01180,2025-11,B029,Finger,High-end,Normal,16.2,16.2,0.05,True
S01181,2026-03,B020,Wrist,Mid-range,Dim,188.4,189.2,0.85,True
S01182,2025-12,B012,Finger,Mid-range,Dim,17.4,17.3,0.1,True
S01183,2026-01,B017,Neck,Mid-range,Dim,410.9,408.4,2.47,True
S01184,2026-02,B012,Finger,High-end,Dim,14.4,14.8,0.34,True
S01185,2026-06,B020,Finger,Mid-range,Bright,18.7,19.2,0.51,False
S01186,2026-01,B025,Finger,Low-end,Dim,20.2,20.5,0.3,True
S01187,2026-04,B023,Finger,Mid-range,Normal,20.3,20.1,0.27,True
S01188,2026-01,B007,Wrist,Low-end,Normal,170.3,170.3,0.04,True
S01189,2026-02,B013,Wrist,Low-end,Normal,166.2,166.7,0.49,True
S01190,2025-12,B031,Finger,Mid-range,Normal,18.1,17.8,0.34,True
S01191,2026-04,B030,Finger,Mid-range,Dim,15.7,16.7,0.97,False
S01192,2025-10,B042,Finger,Low-end,Bright,15.2,15.3,0.05,True
S01193,2026-09,B042,Neck,Mid-range,Normal,368.5,371.2,2.68,True
S01194,2025-11,B026,Neck,Mid-range,Bright,412.5,412.3,0.17,True
S01195,2026-04,B016,Finger,High-end,Dim,17.7,18.3,0.59,False
S01196,2026-08,B022,Finger,Low-end,Normal,15.9,16.1,0.17,True
S01197,2026-03,B025,Wrist,Mid-range,Normal,171.4,169.4,1.99,True
S01198,2025-12,B004,Finger,Low-end,Dim,14.4,14.4,0.03,True
S01199,2026-08,B042,Finger,High-end,Normal,17.2,17.1,0.13,True
S01200,2026-05,B004,Finger,Mid-range,Normal,17.9,18.1,0.22,True
S01201,2025-11,B025,Neck,High-end,Normal,355.7,353.8,1.91,True
S01202,2026-02,B033,Finger,High-end,Normal,18.7,18.9,0.27,True
S01203,2025-10,B018,Wrist,Mid-range,Bright,160.8,159.4,1.37,True
S01204,2026-08,B045,Neck,Low-end,Normal,390.4,389.3,1.12,True
S01205,2025-12,B027,Wrist,High-end,Bright,167.7,168.1,0.38,True
S01206,2026-03,B040,Finger,High-end,Normal,19.4,19.1,0.3,True
S01207,2026-07,B033,Finger,High-end,Normal,15.1,15.2,0.12,True
S01208,2026-02,B043,Finger,Mid-range,Normal,17.8,17.7,0.06,True
S01209,2026-04,B019,Neck,Low-end,Bright,403.0,404.5,1.51,True
S01210,2026-08,B003,Finger,Mid-range,Dim,21.3,21.6,0.3,True
S01211,2026-03,B041,Neck,High-end,Dim,338.1,335.3,2.83,True
S01212,2026-09,B018,Neck,High-end,Normal,384.7,385.0,0.33,True
S01213,2026-03,B044,Neck,Mid-range,Normal,331.4,333.6,2.16,True
S01214,2025-10,B017,Wrist,Low-end,Dim,188.1,187.1,0.99,True
S01215,2025-10,B044,Finger,High-end,Dim,15.8,15.4,0.45,True
S01216,2026-06,B008,Neck,Mid-range,Bright,361.7,359.2,2.53,True
S01217,2026-02,B010,Neck,Mid-range,Normal,333.4,334.2,0.78,True
S01218,2026-02,B028,Wrist,High-end,Normal,177.5,176.4,1.08,True
S01219,2026-02,B016,Wrist,Mid-range,Normal,159.5,160.0,0.5,True
S01220,2025-12,B010,Neck,Mid-range,Normal,361.4,361.8,0.43,True
S01221,2026-09,B030,Finger,Mid-range,Normal,16.7,16.8,0.06,True
S01222,2026-01,B034,Neck,Mid-range,Dim,361.4,367.9,6.5,False
S01223,2026-02,B021,Wrist,Low-end,Dim,178.4,181.5,3.14,False
S01224,2025-10,B013,Neck,Mid-range,Dim,398.5,406.7,8.21,False
S01225,2026-06,B011,Finger,High-end,Normal,16.0,16.0,0.02,True
S01226,2026-01,B032,Finger,Mid-range,Normal,14.1,14.7,0.57,False
S01227,2026-07,B010,Wrist,Low-end,Normal,179.6,181.4,1.8,True
S01228,2026-08,B014,Finger,High-end,Normal,14.6,14.8,0.19,True
S01229,2025-12,B037,Finger,Mid-range,Dim,19.9,20.5,0.54,False
S01230,2026-01,B028,Finger,Mid-range,Normal,17.1,17.1,0.01,True
S01231,2026-07,B002,Wrist,Mid-range,Bright,184.1,183.2,0.87,True
S01232,2026-08,B033,Wrist,Mid-range,Bright,162.1,162.3,0.29,True
S01233,2026-03,B039,Wrist,Low-end,Bright,157.0,155.8,1.22,True
S01234,2026-06,B012,Neck,High-end,Normal,342.5,344.9,2.35,True
S01235,2026-04,B020,Wrist,Low-end,Normal,170.2,172.7,2.51,True
S01236,2026-07,B016,Finger,Mid-range,Normal,18.0,18.3,0.31,True
S01237,2026-05,B044,Finger,High-end,Normal,15.6,15.5,0.11,True
S01238,2026-03,B041,Finger,Low-end,Normal,15.2,16.2,1.02,False
S01239,2026-02,B029,Finger,Low-end,Dim,14.3,14.8,0.57,False
S01240,2025-12,B004,Finger,Mid-range,Bright,14.1,14.2,0.04,True
S01241,2026-04,B019,Neck,High-end,Normal,400.6,402.2,1.54,True
S01242,2025-11,B017,Finger,High-end,Normal,19.4,19.1,0.3,True
S01243,2025-10,B033,Finger,Mid-range,Dim,14.3,14.2,0.11,True
S01244,2025-12,B032,Wrist,Mid-range,Normal,176.7,176.4,0.25,True
S01245,2026-05,B043,Finger,High-end,Dim,20.8,21.0,0.23,True
S01246,2025-12,B001,Neck,Low-end,Normal,395.2,392.6,2.53,True
S01247,2025-11,B029,Neck,Mid-range,Normal,418.4,417.0,1.46,True
S01248,2025-10,B026,Wrist,Low-end,Normal,177.3,175.6,1.64,True
S01249,2026-04,B009,Neck,Low-end,Normal,368.9,365.3,3.59,True
S01250,2026-02,B012,Finger,Low-end,Dim,21.4,20.9,0.49,True
S01251,2026-07,B035,Finger,High-end,Normal,19.7,19.6,0.07,True
S01252,2026-04,B033,Wrist,Mid-range,Bright,173.0,170.7,2.33,True
S01253,2026-05,B028,Wrist,Low-end,Normal,151.7,147.8,3.92,False
S01254,2025-12,B017,Wrist,Mid-range,Dim,170.5,170.6,0.09,True
S01255,2026-09,B043,Finger,Low-end,Normal,17.3,17.9,0.6,False
S01256,2026-03,B036,Finger,Mid-range,Normal,21.6,21.9,0.27,True
S01257,2025-12,B045,Finger,Mid-range,Normal,21.3,20.8,0.51,False
S01258,2026-01,B042,Neck,Mid-range,Normal,336.3,333.1,3.21,True
S01259,2026-07,B027,Wrist,Mid-range,Normal,179.8,180.4,0.65,True
S01260,2026-06,B026,Neck,Low-end,Dim,410.1,402.9,7.22,False
S01261,2026-08,B021,Neck,Low-end,Bright,344.1,343.6,0.49,True
S01262,2026-06,B020,Finger,Mid-range,Bright,21.4,21.5,0.12,True
S01263,2025-12,B048,Wrist,Mid-range,Normal,176.6,178.0,1.37,True
S01264,2026-07,B002,Finger,High-end,Dim,21.4,21.1,0.34,True
S01265,2026-09,B022,Wrist,Low-end,Normal,164.7,165.7,1.02,True
S01266,2026-08,B007,Wrist,Mid-range,Normal,181.9,180.6,1.32,True
S01267,2026-03,B044,Finger,Low-end,Normal,19.3,19.3,0.03,True
S01268,2026-01,B039,Finger,Mid-range,Dim,16.7,17.9,1.12,False
S01269,2025-10,B001,Finger,Mid-range,Bright,14.9,14.8,0.13,True
S01270,2025-12,B030,Finger,Mid-range,Dim,16.8,16.0,0.83,False
S01271,2026-07,B015,Finger,Mid-range,Dim,19.0,18.5,0.49,True
S01272,2025-11,B047,Wrist,Mid-range,Normal,169.2,172.5,3.32,False
S01273,2026-08,B018,Wrist,High-end,Normal,166.6,168.2,1.59,True
S01274,2025-11,B023,Finger,High-end,Dim,20.1,20.4,0.24,True
S01275,2026-01,B012,Neck,Mid-range,Normal,353.4,354.6,1.23,True
S01276,2026-01,B037,Finger,Low-end,Dim,15.0,14.4,0.55,False
S01277,2025-11,B016,Finger,Low-end,Normal,19.1,19.7,0.64,False
S01278,2025-10,B033,Finger,High-end,Bright,15.2,15.2,0.02,True
S01279,2025-10,B037,Wrist,High-end,Dim,165.5,165.7,0.23,True
S01280,2025-11,B042,Finger,High-end,Normal,16.2,16.4,0.14,True
S01281,2025-12,B018,Finger,High-end,Normal,14.5,14.2,0.29,True
S01282,2026-05,B007,Wrist,High-end,Normal,175.3,174.7,0.58,True
S01283,2026-02,B037,Wrist,Mid-range,Bright,172.8,173.0,0.19,True
S01284,2026-09,B002,Finger,Mid-range,Bright,20.8,20.4,0.49,True
S01285,2026-07,B029,Neck,High-end,Normal,376.6,378.6,1.95,True
S01286,2026-02,B005,Wrist,High-end,Normal,176.7,177.2,0.47,True
S01287,2026-03,B035,Finger,Mid-range,Normal,19.0,19.2,0.26,True
S01288,2026-09,B004,Finger,High-end,Normal,17.8,18.1,0.27,True
S01289,2026-09,B026,Neck,Mid-range,Dim,383.2,386.3,3.09,True
S01290,2025-10,B030,Finger,Low-end,Normal,18.3,19.0,0.71,False
S01291,2025-11,B044,Finger,High-end,Normal,18.9,18.7,0.17,True
S01292,2026-04,B025,Finger,Mid-range,Dim,20.6,20.7,0.02,True
S01293,2026-08,B026,Wrist,Mid-range,Normal,170.8,170.2,0.62,True
S01294,2025-10,B020,Neck,High-end,Normal,358.7,360.1,1.42,True
S01295,2025-12,B048,Wrist,Mid-range,Normal,158.5,158.5,0.08,True
S01296,2026-08,B010,Wrist,High-end,Normal,175.9,178.2,2.31,True
S01297,2025-10,B048,Wrist,Mid-range,Dim,185.3,186.0,0.7,True
S01298,2026-04,B036,Finger,Mid-range,Normal,15.3,15.5,0.23,True
S01299,2026-07,B005,Finger,High-end,Normal,21.9,21.6,0.31,True
S01300,2025-12,B014,Wrist,High-end,Bright,167.3,168.0,0.69,True
S01301,2026-09,B027,Wrist,Mid-range,Normal,153.5,153.2,0.32,True
S01302,2026-03,B025,Finger,High-end,Dim,14.6,14.5,0.06,True
S01303,2026-05,B039,Neck,High-end,Normal,389.5,388.7,0.8,True
S01304,2025-12,B041,Neck,Low-end,Normal,352.0,349.4,2.69,True
S01305,2026-01,B024,Wrist,Low-end,Normal,161.9,158.5,3.38,False
S01306,2026-02,B021,Neck,Mid-range,Normal,413.7,412.5,1.25,True
S01307,2026-09,B039,Wrist,High-end,Dim,182.9,185.6,2.7,True
S01308,2026-03,B011,Finger,Mid-range,Bright,15.9,16.5,0.53,False
S01309,2026-05,B037,Finger,Mid-range,Normal,14.3,14.2,0.05,True
S01310,2026-09,B010,Wrist,Mid-range,Normal,167.7,168.4,0.7,True
S01311,2026-05,B024,Finger,Mid-range,Bright,15.5,15.6,0.14,True
S01312,2025-11,B039,Wrist,Mid-range,Normal,175.9,174.3,1.61,True
S01313,2025-10,B028,Neck,Mid-range,Normal,375.1,371.2,3.89,True
S01314,2025-10,B046,Finger,Mid-range,Normal,18.1,17.9,0.17,True
S01315,2026-05,B017,Finger,High-end,Normal,17.4,17.1,0.26,True
S01316,2026-05,B007,Finger,Low-end,Normal,14.6,13.8,0.78,False
S01317,2026-07,B028,Neck,Mid-range,Normal,358.3,353.8,4.45,True
S01318,2026-02,B045,Finger,Low-end,Bright,18.5,18.4,0.09,True
S01319,2026-04,B020,Neck,High-end,Normal,406.3,407.0,0.64,True
S01320,2026-06,B041,Finger,Mid-range,Normal,16.9,16.6,0.27,True
S01321,2026-01,B036,Finger,Mid-range,Normal,16.0,15.7,0.25,True
S01322,2026-07,B046,Finger,Mid-range,Normal,21.7,22.1,0.38,True
S01323,2026-07,B030,Finger,Mid-range,Dim,14.7,14.8,0.09,True
S01324,2026-02,B024,Wrist,High-end,Bright,163.9,162.9,0.92,True
S01325,2026-09,B031,Finger,High-end,Normal,20.4,20.7,0.29,True
S01326,2025-12,B035,Wrist,High-end,Normal,174.7,173.2,1.49,True
S01327,2026-04,B036,Finger,Low-end,Bright,18.5,19.2,0.78,False
S01328,2026-09,B048,Wrist,High-end,Bright,188.7,188.2,0.51,True
S01329,2026-01,B048,Wrist,Low-end,Normal,185.5,186.5,1.0,True
S01330,2026-06,B007,Wrist,Low-end,Bright,162.6,161.2,1.38,True
S01331,2026-07,B004,Wrist,Mid-range,Normal,157.5,159.8,2.21,True
S01332,2025-11,B030,Wrist,Low-end,Normal,153.2,151.6,1.59,True
S01333,2026-01,B041,Finger,Mid-range,Dim,21.9,22.0,0.03,True
S01334,2026-06,B004,Neck,Low-end,Normal,406.4,408.1,1.71,True
S01335,2026-01,B032,Neck,Mid-range,Normal,333.8,336.7,2.84,True
S01336,2025-11,B012,Finger,High-end,Normal,18.8,19.1,0.37,True
S01337,2026-06,B006,Finger,Mid-range,Normal,21.3,21.2,0.09,True
S01338,2026-04,B038,Finger,Mid-range,Normal,20.0,19.5,0.51,False
S01339,2025-11,B004,Wrist,High-end,Normal,174.7,175.3,0.6,True
S01340,2026-09,B012,Wrist,High-end,Normal,175.8,177.2,1.37,True
S01341,2026-09,B001,Finger,Low-end,Normal,16.3,16.3,0.03,True
S01342,2026-02,B041,Finger,High-end,Normal,15.9,15.9,0.0,True
S01343,2026-08,B022,Finger,Mid-range,Normal,16.0,15.8,0.15,True
S01344,2026-01,B024,Neck,Mid-range,Normal,387.5,389.9,2.45,True
S01345,2026-08,B034,Finger,High-end,Normal,15.9,15.9,0.02,True
S01346,2026-06,B031,Finger,Mid-range,Dim,18.8,19.2,0.42,True
S01347,2025-11,B007,Wrist,Mid-range,Normal,156.8,154.7,2.1,True
S01348,2026-07,B027,Finger,High-end,Normal,21.8,22.0,0.13,True
S01349,2026-01,B033,Wrist,Low-end,Dim,188.5,186.6,1.82,True
S01350,2026-09,B020,Finger,Mid-range,Normal,21.9,22.1,0.22,True
S01351,2026-09,B009,Finger,High-end,Bright,21.9,22.4,0.46,True
S01352,2026-01,B027,Finger,Low-end,Normal,18.4,18.2,0.24,True
S01353,2026-03,B012,Neck,Mid-range,Normal,374.3,375.2,0.84,True
S01354,2026-04,B045,Neck,Low-end,Normal,391.8,397.9,6.12,False
S01355,2026-04,B011,Wrist,Low-end,Normal,166.0,169.8,3.75,False
S01356,2026-05,B009,Finger,Mid-range,Normal,18.6,19.0,0.43,True
S01357,2025-10,B034,Neck,Mid-range,Dim,399.9,395.4,4.5,True
S01358,2026-01,B020,Finger,High-end,Normal,15.2,15.1,0.07,True
S01359,2025-11,B011,Finger,Mid-range,Normal,14.8,14.4,0.36,True
S01360,2026-05,B042,Wrist,Low-end,Normal,176.2,175.8,0.43,True
S01361,2026-03,B042,Wrist,Low-end,Normal,170.1,176.7,6.57,False
S01362,2025-10,B030,Neck,Low-end,Normal,394.7,397.1,2.4,True
S01363,2026-03,B004,Finger,Mid-range,Bright,16.8,17.0,0.26,True
S01364,2026-09,B048,Wrist,High-end,Normal,164.1,165.4,1.29,True
S01365,2026-01,B004,Finger,Mid-range,Normal,14.8,14.8,0.09,True
S01366,2026-02,B011,Finger,Mid-range,Normal,19.6,19.3,0.28,True
S01367,2025-11,B028,Finger,Mid-range,Normal,16.5,16.2,0.27,True
S01368,2026-06,B016,Finger,Mid-range,Normal,18.3,18.1,0.22,True
S01369,2025-11,B018,Finger,High-end,Bright,15.2,15.1,0.08,True
S01370,2026-08,B033,Neck,Mid-range,Dim,400.9,408.6,7.66,False
S01371,2026-06,B020,Finger,Low-end,Normal,21.1,20.6,0.46,True
S01372,2026-05,B035,Finger,Mid-range,Normal,19.6,19.4,0.26,True
S01373,2026-04,B029,Wrist,High-end,Normal,184.3,185.1,0.75,True
S01374,2026-09,B039,Neck,Mid-range,Dim,331.5,333.4,1.93,True
S01375,2026-02,B013,Wrist,High-end,Normal,184.5,184.5,0.05,True
S01376,2026-06,B041,Finger,Mid-range,Bright,14.2,14.2,0.02,True
S01377,2026-09,B032,Wrist,High-end,Normal,187.7,187.2,0.51,True
S01378,2026-05,B020,Finger,Mid-range,Normal,16.2,16.7,0.5,True
S01379,2026-06,B001,Wrist,Mid-range,Dim,161.3,158.3,3.03,False
S01380,2026-01,B004,Neck,High-end,Normal,341.1,342.9,1.77,True
S01381,2026-02,B020,Finger,Mid-range,Normal,17.2,17.1,0.03,True
S01382,2025-12,B023,Finger,Mid-range,Normal,16.9,16.8,0.03,True
S01383,2025-10,B035,Finger,Mid-range,Dim,14.0,13.3,0.75,False
S01384,2026-09,B021,Wrist,Mid-range,Normal,161.0,160.3,0.68,True
S01385,2025-11,B040,Wrist,Mid-range,Normal,151.0,153.5,2.47,True
S01386,2025-11,B035,Finger,Low-end,Normal,20.8,21.3,0.5,True
S01387,2026-05,B023,Neck,High-end,Normal,368.8,373.1,4.35,True
S01388,2025-11,B006,Wrist,Mid-range,Normal,182.9,184.1,1.21,True
S01389,2026-02,B033,Wrist,High-end,Dim,179.2,179.9,0.67,True
S01390,2026-04,B016,Wrist,Low-end,Normal,167.6,162.2,5.44,False
S01391,2026-08,B020,Wrist,Mid-range,Normal,167.2,168.8,1.62,True
S01392,2025-10,B010,Wrist,Low-end,Normal,188.2,187.6,0.51,True
S01393,2026-03,B008,Finger,Mid-range,Bright,21.7,22.0,0.33,True
S01394,2026-08,B002,Finger,High-end,Normal,15.2,15.5,0.21,True
S01395,2026-09,B021,Wrist,Low-end,Normal,159.8,162.5,2.71,True
S01396,2026-06,B001,Wrist,Mid-range,Normal,184.5,185.7,1.12,True
S01397,2026-02,B020,Finger,Low-end,Dim,16.0,16.9,0.89,False
S01398,2026-05,B008,Finger,Mid-range,Normal,21.2,20.9,0.35,True
S01399,2025-11,B005,Finger,Mid-range,Dim,15.2,14.5,0.68,False
S01400,2026-05,B042,Finger,Low-end,Bright,15.6,15.3,0.28,True
S01401,2025-11,B005,Finger,Mid-range,Normal,15.8,16.0,0.13,True
S01402,2025-10,B045,Wrist,Low-end,Normal,162.0,160.5,1.41,True
S01403,2025-11,B034,Finger,Mid-range,Normal,20.1,20.7,0.63,False
S01404,2026-01,B002,Wrist,Low-end,Bright,160.2,158.9,1.34,True
S01405,2025-11,B039,Finger,Mid-range,Bright,15.1,15.1,0.01,True
S01406,2026-04,B033,Neck,Mid-range,Bright,401.7,404.7,2.97,True
S01407,2025-11,B023,Finger,Mid-range,Dim,17.7,17.9,0.16,True
S01408,2025-11,B019,Neck,Mid-range,Bright,354.7,355.3,0.67,True
S01409,2026-09,B018,Neck,Low-end,Bright,347.6,344.3,3.31,True
S01410,2026-07,B044,Wrist,High-end,Normal,157.5,157.0,0.53,True
S01411,2026-09,B026,Finger,Mid-range,Dim,15.9,16.4,0.53,False
S01412,2026-04,B044,Finger,High-end,Bright,15.6,16.0,0.37,True
S01413,2026-08,B019,Finger,Mid-range,Normal,21.8,21.9,0.1,True
S01414,2026-03,B018,Neck,Mid-range,Normal,351.5,346.8,4.64,True
S01415,2026-03,B013,Wrist,Mid-range,Normal,158.8,159.2,0.45,True
S01416,2026-06,B007,Neck,Mid-range,Normal,403.0,406.0,2.98,True
S01417,2026-07,B011,Wrist,Mid-range,Normal,162.6,159.4,3.22,False
S01418,2025-11,B040,Wrist,High-end,Bright,153.5,153.1,0.45,True
S01419,2025-12,B035,Finger,Mid-range,Bright,20.8,20.7,0.11,True
S01420,2026-04,B019,Finger,Mid-range,Normal,18.5,18.3,0.22,True
S01421,2026-05,B020,Neck,Low-end,Dim,347.1,360.3,13.13,False
S01422,2025-10,B023,Wrist,Mid-range,Normal,179.6,180.4,0.82,True
S01423,2026-07,B017,Wrist,High-end,Normal,166.5,166.4,0.05,True
S01424,2026-06,B013,Neck,Mid-range,Normal,342.9,338.2,4.73,True
S01425,2026-09,B023,Finger,High-end,Normal,19.0,19.0,0.01,True
S01426,2026-04,B035,Neck,Low-end,Dim,331.2,315.6,15.55,False
S01427,2026-01,B023,Finger,Mid-range,Bright,18.7,18.9,0.16,True
S01428,2026-04,B041,Neck,Mid-range,Normal,381.2,381.5,0.22,True
S01429,2025-10,B006,Wrist,Mid-range,Normal,171.6,173.4,1.71,True
S01430,2026-09,B042,Finger,Mid-range,Dim,16.9,16.0,0.94,False
S01431,2026-03,B011,Wrist,Mid-range,Normal,171.1,174.2,3.1,False
S01432,2025-11,B042,Finger,Mid-range,Normal,20.7,20.8,0.09,True
S01433,2026-01,B036,Wrist,Mid-range,Normal,156.6,155.7,0.97,True
S01434,2026-09,B010,Wrist,Low-end,Normal,166.3,168.1,1.81,True
S01435,2026-08,B012,Neck,Mid-range,Normal,336.5,332.9,3.59,True
S01436,2026-04,B002,Finger,Mid-range,Normal,17.5,17.8,0.29,True
S01437,2026-03,B042,Finger,Mid-range,Normal,21.9,22.1,0.22,True
S01438,2026-07,B025,Neck,Mid-range,Normal,360.2,358.4,1.87,True
S01439,2026-05,B028,Wrist,Mid-range,Normal,187.6,188.4,0.73,True
S01440,2025-11,B020,Wrist,Mid-range,Normal,161.5,161.7,0.14,True
S01441,2025-12,B041,Finger,Mid-range,Dim,21.9,21.7,0.24,True
S01442,2026-01,B026,Finger,Mid-range,Normal,21.8,22.0,0.22,True
S01443,2026-02,B024,Finger,High-end,Bright,15.4,15.3,0.08,True
S01444,2026-08,B029,Finger,Mid-range,Bright,15.4,15.4,0.06,True
S01445,2026-02,B016,Finger,Mid-range,Dim,19.2,19.5,0.3,True
S01446,2025-12,B048,Finger,Mid-range,Normal,14.1,14.5,0.39,True
S01447,2025-10,B001,Finger,Mid-range,Normal,15.1,14.5,0.65,False
S01448,2025-12,B034,Wrist,Mid-range,Bright,163.6,161.6,1.98,True
S01449,2026-06,B024,Wrist,Mid-range,Bright,180.9,181.5,0.62,True
S01450,2025-12,B031,Wrist,High-end,Bright,181.4,180.6,0.82,True
S01451,2026-05,B013,Neck,Mid-range,Normal,370.9,372.6,1.76,True
S01452,2026-03,B001,Finger,Mid-range,Dim,16.3,16.7,0.35,True
S01453,2026-06,B034,Wrist,Mid-range,Normal,186.0,190.6,4.6,False
S01454,2026-01,B044,Neck,Low-end,Dim,415.2,426.7,11.49,False
S01455,2026-09,B021,Finger,Mid-range,Normal,21.2,21.6,0.43,True
S01456,2026-01,B022,Wrist,Mid-range,Normal,175.3,175.9,0.66,True
S01457,2026-07,B012,Finger,High-end,Bright,20.8,20.9,0.12,True
S01458,2025-11,B040,Finger,Low-end,Normal,18.9,17.7,1.25,False
S01459,2025-11,B032,Neck,Low-end,Dim,384.4,377.5,6.85,False
S01460,2026-06,B024,Finger,Mid-range,Normal,21.9,22.7,0.85,False
S01461,2025-12,B036,Finger,Mid-range,Normal,14.0,14.2,0.2,True
S01462,2026-05,B025,Finger,Low-end,Dim,19.1,19.5,0.38,True
S01463,2025-10,B023,Wrist,Mid-range,Dim,153.7,154.7,1.1,True
S01464,2026-09,B042,Finger,High-end,Dim,16.7,16.5,0.2,True
S01465,2025-10,B039,Finger,Low-end,Normal,20.4,20.4,0.04,True
S01466,2026-09,B011,Wrist,Mid-range,Normal,166.3,166.1,0.23,True
S01467,2026-02,B003,Finger,Mid-range,Normal,16.0,15.8,0.15,True
S01468,2025-10,B007,Finger,Mid-range,Normal,15.9,15.4,0.5,True
S01469,2026-01,B018,Finger,Mid-range,Bright,15.6,15.6,0.07,True
S01470,2026-06,B029,Wrist,Mid-range,Normal,166.4,167.8,1.4,True
S01471,2026-05,B036,Finger,Mid-range,Dim,20.7,20.8,0.04,True
S01472,2025-10,B002,Finger,Low-end,Normal,19.0,19.1,0.1,True
S01473,2026-04,B023,Neck,Mid-range,Normal,363.3,361.3,1.99,True
S01474,2025-11,B040,Wrist,Mid-range,Normal,184.7,183.5,1.15,True
S01475,2025-12,B024,Wrist,Low-end,Normal,156.4,156.3,0.13,True
S01476,2025-10,B033,Neck,Mid-range,Bright,414.5,410.2,4.38,True
S01477,2026-09,B021,Finger,Mid-range,Bright,17.5,17.5,0.0,True
S01478,2026-06,B034,Wrist,Low-end,Normal,157.9,154.6,3.33,False
S01479,2025-10,B016,Neck,Low-end,Bright,368.9,369.2,0.24,True
S01480,2026-07,B039,Wrist,Mid-range,Dim,168.2,166.5,1.71,True
S01481,2026-07,B002,Finger,Mid-range,Bright,14.5,14.6,0.05,True
S01482,2026-08,B023,Finger,Mid-range,Normal,15.4,15.7,0.32,True
S01483,2026-09,B016,Wrist,Mid-range,Normal,160.3,160.8,0.52,True
S01484,2026-09,B012,Wrist,High-end,Bright,188.2,189.6,1.49,True
S01485,2025-11,B013,Neck,High-end,Normal,363.2,362.7,0.52,True
S01486,2026-03,B002,Finger,Low-end,Bright,18.6,19.1,0.53,False
S01487,2026-04,B040,Finger,Mid-range,Normal,18.0,17.7,0.35,True
S01488,2025-11,B002,Finger,Low-end,Bright,21.9,21.2,0.71,False
S01489,2025-11,B028,Wrist,Low-end,Bright,186.9,185.8,1.0,True
S01490,2026-02,B011,Finger,Mid-range,Dim,21.1,21.4,0.27,True
S01491,2026-09,B019,Finger,High-end,Normal,19.4,18.8,0.57,False
S01492,2026-03,B004,Finger,High-end,Bright,18.3,18.0,0.34,True
S01493,2026-08,B044,Finger,High-end,Dim,14.0,14.5,0.5,True
S01494,2026-01,B045,Finger,Mid-range,Normal,14.6,14.8,0.22,True
S01495,2025-12,B036,Finger,Mid-range,Dim,17.0,17.1,0.05,True
S01496,2026-03,B012,Finger,High-end,Dim,16.2,16.3,0.14,True
S01497,2025-12,B015,Wrist,High-end,Normal,188.7,189.1,0.39,True
S01498,2026-04,B024,Neck,High-end,Normal,362.8,362.9,0.15,True
S01499,2026-02,B024,Neck,Low-end,Normal,353.9,355.3,1.39,True
S01500,2026-02,B031,Finger,Mid-range,Normal,16.6,16.8,0.19,True
S01501,2026-02,B016,Neck,Mid-range,Normal,336.0,333.0,3.02,True
S01502,2026-07,B018,Finger,Mid-range,Bright,19.4,19.5,0.06,True
S01503,2026-09,B040,Neck,Low-end,Bright,340.1,334.3,5.83,True
S01504,2025-11,B047,Wrist,Low-end,Normal,162.3,159.1,3.23,False
S01505,2026-01,B008,Finger,High-end,Normal,20.8,20.7,0.18,True
S01506,2026-07,B002,Wrist,High-end,Normal,187.3,187.3,0.07,True
S01507,2026-03,B024,Neck,High-end,Normal,331.8,334.9,3.14,True
S01508,2026-06,B002,Neck,High-end,Normal,381.8,384.6,2.84,True
S01509,2025-10,B002,Finger,High-end,Dim,19.2,19.4,0.24,True
S01510,2026-02,B004,Neck,High-end,Bright,413.5,413.0,0.5,True
S01511,2025-12,B039,Finger,Low-end,Normal,20.9,20.9,0.08,True
S01512,2026-01,B033,Finger,Mid-range,Normal,16.4,17.0,0.56,False
S01513,2026-07,B002,Finger,Mid-range,Bright,18.1,17.8,0.27,True
S01514,2026-03,B002,Finger,High-end,Normal,18.5,18.6,0.11,True
S01515,2026-07,B005,Finger,Low-end,Normal,14.2,14.3,0.15,True
S01516,2026-01,B037,Finger,Mid-range,Normal,21.0,20.7,0.29,True
S01517,2025-10,B046,Wrist,Mid-range,Dim,179.0,178.3,0.68,True
S01518,2026-05,B032,Finger,Mid-range,Normal,17.7,18.0,0.35,True
S01519,2026-01,B012,Finger,Mid-range,Normal,16.2,15.8,0.43,True
S01520,2026-01,B016,Finger,Low-end,Bright,21.3,21.7,0.32,True
S01521,2026-03,B039,Finger,Mid-range,Normal,18.7,18.8,0.11,True
S01522,2026-08,B042,Wrist,Low-end,Normal,186.1,183.8,2.32,True
S01523,2025-12,B047,Finger,High-end,Normal,15.7,15.3,0.42,True
S01524,2025-10,B020,Neck,Mid-range,Bright,394.1,396.9,2.78,True
S01525,2026-07,B008,Neck,High-end,Normal,410.7,411.0,0.3,True
S01526,2025-11,B035,Wrist,High-end,Dim,177.7,177.2,0.56,True
S01527,2025-12,B001,Wrist,Mid-range,Normal,151.1,149.4,1.69,True
S01528,2025-11,B019,Finger,Mid-range,Bright,15.7,15.8,0.03,True
S01529,2025-11,B018,Finger,High-end,Bright,14.5,14.3,0.19,True
S01530,2026-03,B014,Neck,Mid-range,Normal,353.2,356.2,2.98,True
S01531,2026-06,B036,Finger,High-end,Normal,14.0,13.9,0.12,True
S01532,2025-10,B027,Finger,High-end,Bright,14.5,14.8,0.32,True
S01533,2026-01,B019,Neck,High-end,Bright,350.7,351.0,0.29,True
S01534,2025-10,B029,Wrist,Mid-range,Normal,183.7,182.6,1.06,True
S01535,2026-08,B012,Wrist,Low-end,Normal,162.5,166.0,3.45,False
S01536,2026-03,B033,Wrist,High-end,Normal,170.7,171.6,0.92,True
S01537,2026-09,B011,Finger,Mid-range,Normal,17.8,17.6,0.26,True
S01538,2025-10,B040,Wrist,Mid-range,Normal,188.1,191.8,3.75,False
S01539,2026-05,B017,Finger,Mid-range,Bright,15.5,15.5,0.02,True
S01540,2026-05,B036,Wrist,Low-end,Normal,164.2,162.1,2.16,True
S01541,2026-04,B015,Wrist,Mid-range,Bright,157.4,155.6,1.79,True
S01542,2025-11,B004,Finger,Mid-range,Dim,21.9,21.6,0.38,True
S01543,2026-05,B007,Wrist,Mid-range,Dim,181.4,180.5,0.94,True
S01544,2026-03,B013,Wrist,Mid-range,Normal,161.8,163.6,1.8,True
S01545,2026-04,B023,Finger,High-end,Bright,18.7,18.7,0.0,True
S01546,2026-05,B018,Finger,Mid-range,Normal,20.8,22.0,1.22,False
S01547,2026-02,B043,Wrist,Mid-range,Normal,187.8,188.8,0.98,True
S01548,2026-05,B046,Neck,Mid-range,Normal,372.9,371.3,1.64,True
S01549,2026-01,B046,Neck,Mid-range,Normal,407.0,404.4,2.55,True
S01550,2026-03,B015,Finger,High-end,Bright,20.4,20.3,0.08,True
S01551,2026-02,B044,Finger,High-end,Bright,21.7,21.5,0.24,True
S01552,2026-08,B027,Finger,High-end,Dim,16.4,16.4,0.03,True
S01553,2025-10,B047,Neck,Low-end,Normal,343.0,347.7,4.68,True
S01554,2025-10,B048,Finger,Low-end,Bright,21.8,22.2,0.47,True
S01555,2026-08,B029,Finger,Low-end,Normal,15.4,15.0,0.37,True
S01556,2026-03,B025,Finger,Mid-range,Normal,19.7,19.6,0.09,True
S01557,2026-04,B036,Finger,High-end,Dim,16.3,16.6,0.22,True
S01558,2026-02,B026,Finger,Mid-range,Normal,18.1,18.0,0.04,True
S01559,2025-12,B007,Wrist,Mid-range,Normal,172.9,173.1,0.23,True
S01560,2026-07,B035,Wrist,Mid-range,Normal,165.1,164.5,0.66,True
S01561,2026-02,B027,Finger,Mid-range,Normal,15.4,15.1,0.26,True
S01562,2026-05,B044,Finger,Mid-range,Normal,19.2,19.0,0.23,True
S01563,2026-05,B047,Finger,Low-end,Normal,16.9,16.9,0.02,True
S01564,2025-12,B001,Wrist,Low-end,Dim,161.7,160.3,1.39,True
S01565,2026-05,B030,Finger,Low-end,Normal,14.9,14.5,0.39,True
S01566,2026-02,B031,Wrist,Mid-range,Normal,189.6,189.9,0.31,True
S01567,2026-03,B004,Finger,High-end,Normal,17.6,17.8,0.14,True
S01568,2026-03,B023,Wrist,Low-end,Normal,175.5,176.0,0.47,True
S01569,2026-07,B016,Finger,Low-end,Normal,14.3,14.8,0.44,True
S01570,2026-08,B007,Wrist,High-end,Normal,153.4,152.4,0.99,True
S01571,2026-04,B031,Finger,Low-end,Dim,16.5,17.1,0.67,False
S01572,2025-12,B026,Finger,High-end,Normal,16.4,16.6,0.16,True
S01573,2025-12,B019,Wrist,Mid-range,Normal,185.6,185.2,0.38,True
S01574,2025-11,B035,Neck,High-end,Dim,365.4,367.1,1.65,True
S01575,2025-10,B010,Neck,High-end,Normal,333.1,332.2,0.91,True
S01576,2026-09,B026,Finger,Mid-range,Normal,15.7,15.8,0.03,True
S01577,2026-08,B017,Finger,Mid-range,Normal,15.7,15.7,0.04,True
S01578,2026-06,B016,Wrist,High-end,Dim,153.9,155.9,1.93,True
S01579,2026-02,B048,Wrist,Mid-range,Normal,187.4,187.8,0.44,True
S01580,2026-06,B034,Finger,Mid-range,Normal,14.7,15.3,0.56,False
S01581,2026-08,B043,Finger,Mid-range,Dim,18.8,19.3,0.43,True
S01582,2026-07,B036,Finger,Low-end,Normal,15.9,15.6,0.3,True
S01583,2026-07,B021,Neck,High-end,Normal,356.9,355.9,1.02,True
S01584,2026-02,B009,Neck,Low-end,Normal,382.5,386.3,3.73,True
S01585,2026-02,B021,Neck,Mid-range,Dim,394.8,396.8,1.98,True
S01586,2026-05,B043,Wrist,High-end,Dim,166.7,165.1,1.57,True
S01587,2026-02,B031,Finger,Mid-range,Normal,16.9,17.1,0.22,True
S01588,2026-03,B035,Neck,Low-end,Normal,419.7,412.3,7.41,False
S01589,2025-11,B044,Neck,Mid-range,Normal,408.3,405.2,3.07,True
S01590,2026-07,B008,Finger,Low-end,Normal,14.5,14.5,0.0,True
S01591,2026-09,B001,Wrist,Mid-range,Normal,172.5,171.4,1.1,True
S01592,2026-02,B003,Finger,Mid-range,Normal,14.6,14.8,0.18,True
S01593,2025-12,B039,Finger,Low-end,Bright,14.2,14.1,0.13,True
S01594,2026-07,B040,Wrist,Mid-range,Normal,185.8,185.0,0.86,True
S01595,2026-09,B037,Wrist,Mid-range,Bright,156.4,155.9,0.54,True
S01596,2026-03,B014,Wrist,Mid-range,Normal,157.7,160.4,2.74,True
S01597,2026-04,B046,Wrist,Low-end,Dim,165.8,163.1,2.78,True
S01598,2026-09,B005,Wrist,Mid-range,Normal,161.5,162.2,0.72,True
S01599,2025-11,B026,Finger,Mid-range,Normal,18.9,18.1,0.8,False
S01600,2026-07,B026,Finger,Mid-range,Normal,20.7,21.2,0.49,True
S01601,2026-07,B033,Wrist,Mid-range,Normal,166.3,166.9,0.63,True
S01602,2025-10,B036,Neck,High-end,Bright,417.2,418.4,1.14,True
S01603,2026-04,B036,Wrist,High-end,Dim,156.6,156.3,0.28,True
S01604,2026-02,B034,Finger,Mid-range,Dim,15.6,15.5,0.04,True
S01605,2026-01,B014,Finger,High-end,Normal,18.0,17.8,0.24,True
S01606,2026-08,B005,Neck,Low-end,Bright,338.9,340.0,1.07,True
S01607,2026-04,B027,Finger,Low-end,Normal,16.0,16.0,0.06,True
S01608,2025-11,B034,Neck,Low-end,Normal,364.7,366.5,1.74,True
S01609,2026-08,B004,Wrist,Mid-range,Dim,183.4,184.8,1.42,True
S01610,2025-11,B032,Neck,Mid-range,Normal,395.1,392.1,3.06,True
S01611,2026-09,B039,Neck,Mid-range,Bright,383.2,384.9,1.63,True
S01612,2026-06,B039,Neck,Mid-range,Bright,416.4,414.2,2.14,True
S01613,2025-10,B035,Finger,Mid-range,Dim,21.3,21.4,0.11,True
S01614,2026-06,B021,Finger,Mid-range,Bright,16.4,17.0,0.59,False
S01615,2026-02,B029,Wrist,Mid-range,Dim,156.2,157.9,1.65,True
S01616,2026-01,B020,Neck,Low-end,Normal,387.0,382.1,4.86,True
S01617,2026-05,B026,Wrist,Low-end,Normal,181.4,184.6,3.19,False
S01618,2026-06,B018,Finger,Mid-range,Dim,18.4,19.2,0.81,False
S01619,2026-04,B036,Finger,Low-end,Normal,19.6,19.5,0.1,True
S01620,2025-10,B046,Wrist,Mid-range,Bright,172.3,172.2,0.12,True
S01621,2026-05,B015,Finger,Mid-range,Bright,16.0,16.3,0.35,True
S01622,2026-04,B007,Wrist,Mid-range,Normal,165.3,166.7,1.39,True
S01623,2026-01,B013,Neck,Low-end,Bright,371.4,372.4,0.93,True
S01624,2026-02,B014,Wrist,High-end,Normal,158.2,158.8,0.52,True
S01625,2026-02,B043,Finger,Mid-range,Normal,18.9,19.4,0.44,True
S01626,2026-07,B025,Wrist,Mid-range,Normal,150.7,153.6,2.89,True
S01627,2026-03,B035,Finger,Mid-range,Normal,16.4,16.2,0.2,True
S01628,2026-08,B039,Finger,Low-end,Dim,16.9,17.4,0.46,True
S01629,2025-11,B010,Wrist,High-end,Normal,157.0,157.2,0.25,True
S01630,2026-01,B033,Finger,Mid-range,Bright,15.5,15.3,0.23,True
S01631,2026-02,B043,Neck,High-end,Normal,408.3,408.3,0.02,True
S01632,2025-12,B044,Wrist,Low-end,Normal,154.4,154.0,0.43,True
S01633,2026-07,B039,Finger,High-end,Normal,20.7,20.7,0.05,True
S01634,2025-11,B026,Finger,Low-end,Dim,15.2,14.8,0.41,True
S01635,2026-07,B013,Finger,Mid-range,Normal,20.6,21.0,0.41,True
S01636,2026-09,B024,Finger,Mid-range,Dim,20.1,21.1,0.99,False
S01637,2026-03,B014,Wrist,Mid-range,Normal,182.5,183.7,1.17,True
S01638,2026-04,B045,Finger,Low-end,Normal,14.3,14.0,0.28,True
S01639,2025-11,B043,Neck,High-end,Normal,331.1,327.1,4.08,True
S01640,2026-03,B001,Wrist,Low-end,Normal,186.8,183.2,3.52,False
S01641,2025-10,B003,Wrist,Mid-range,Normal,181.1,179.7,1.39,True
S01642,2026-09,B017,Neck,Low-end,Normal,406.8,409.8,3.0,True
S01643,2026-02,B043,Neck,Mid-range,Dim,409.8,415.1,5.3,True
S01644,2026-07,B009,Neck,Mid-range,Normal,358.5,361.7,3.28,True
S01645,2025-12,B025,Neck,Mid-range,Normal,360.4,361.7,1.3,True
S01646,2025-11,B005,Wrist,Low-end,Normal,152.3,156.1,3.76,False
S01647,2026-05,B043,Wrist,Low-end,Bright,153.5,153.4,0.09,True
S01648,2026-04,B001,Wrist,Mid-range,Normal,150.3,149.4,0.97,True
S01649,2026-09,B034,Wrist,Mid-range,Normal,173.8,169.7,4.13,False
S01650,2026-09,B041,Finger,Low-end,Dim,16.0,16.3,0.36,True
S01651,2025-12,B001,Finger,High-end,Normal,15.8,15.5,0.39,True
S01652,2026-06,B029,Wrist,Low-end,Normal,168.2,167.4,0.86,True
S01653,2026-02,B023,Finger,High-end,Normal,18.4,18.4,0.01,True
S01654,2026-03,B005,Wrist,Mid-range,Normal,157.7,157.2,0.48,True
S01655,2026-08,B008,Wrist,Mid-range,Normal,183.4,183.3,0.13,True
S01656,2026-01,B009,Wrist,Low-end,Normal,154.2,153.7,0.48,True
S01657,2026-08,B015,Neck,Mid-range,Normal,349.8,354.2,4.37,True
S01658,2026-05,B002,Wrist,Mid-range,Normal,167.4,166.8,0.59,True
S01659,2026-02,B001,Finger,Low-end,Bright,18.9,18.5,0.42,True
S01660,2026-02,B035,Wrist,High-end,Normal,175.5,175.1,0.35,True
S01661,2025-11,B032,Finger,Low-end,Normal,19.5,20.3,0.75,False
S01662,2025-12,B010,Wrist,High-end,Normal,165.1,165.1,0.07,True
S01663,2026-08,B005,Finger,Mid-range,Normal,19.1,18.6,0.56,False
S01664,2025-12,B015,Neck,High-end,Normal,401.8,405.6,3.84,True
S01665,2026-07,B002,Wrist,High-end,Normal,174.0,175.4,1.37,True
S01666,2025-12,B020,Finger,Mid-range,Normal,15.3,15.1,0.23,True
S01667,2026-02,B043,Finger,Mid-range,Bright,18.0,17.9,0.08,True
S01668,2026-02,B042,Finger,High-end,Dim,18.5,18.3,0.22,True
S01669,2025-11,B002,Neck,High-end,Dim,387.9,391.5,3.64,True
S01670,2025-12,B010,Neck,Mid-range,Bright,396.9,400.4,3.52,True
S01671,2026-07,B045,Neck,Low-end,Normal,348.5,352.7,4.18,True
S01672,2026-05,B006,Neck,Mid-range,Normal,377.2,373.4,3.85,True
S01673,2026-09,B004,Finger,Low-end,Dim,18.5,19.5,1.0,False
S01674,2026-03,B046,Finger,Mid-range,Normal,16.3,16.3,0.02,True
S01675,2026-02,B015,Neck,High-end,Normal,405.0,409.3,4.29,True
S01676,2026-05,B015,Neck,High-end,Normal,397.6,397.5,0.11,True
S01677,2025-12,B043,Finger,Mid-range,Dim,14.3,14.3,0.01,True
S01678,2026-01,B023,Finger,Mid-range,Normal,21.3,20.7,0.62,False
S01679,2026-04,B045,Neck,Mid-range,Normal,406.3,404.6,1.66,True
S01680,2026-02,B017,Wrist,High-end,Dim,158.5,159.8,1.33,True
S01681,2026-09,B019,Wrist,High-end,Dim,172.6,175.8,3.27,False
S01682,2026-02,B011,Finger,High-end,Dim,19.5,20.1,0.56,False
S01683,2026-01,B034,Finger,Mid-range,Normal,21.0,20.4,0.6,False
S01684,2026-07,B028,Finger,Low-end,Normal,21.6,21.2,0.44,True
S01685,2026-03,B004,Neck,Mid-range,Normal,341.3,339.5,1.8,True
S01686,2026-03,B015,Finger,Mid-range,Normal,18.7,19.0,0.25,True
S01687,2026-03,B036,Finger,Low-end,Normal,17.7,17.3,0.36,True
S01688,2025-10,B023,Finger,Mid-range,Dim,18.5,18.0,0.46,True
S01689,2026-06,B038,Finger,Mid-range,Dim,21.0,20.3,0.65,False
S01690,2026-04,B010,Neck,Low-end,Bright,338.2,338.0,0.27,True
S01691,2025-11,B033,Neck,Mid-range,Normal,331.9,330.3,1.64,True
S01692,2026-02,B009,Finger,Low-end,Normal,18.2,19.0,0.78,False
S01693,2026-08,B031,Wrist,Low-end,Bright,179.0,175.2,3.88,False
S01694,2025-12,B024,Wrist,Mid-range,Normal,165.1,165.3,0.18,True
S01695,2026-02,B031,Finger,High-end,Normal,14.8,15.0,0.18,True
S01696,2026-06,B037,Finger,Mid-range,Normal,20.0,19.7,0.26,True
S01697,2026-08,B033,Finger,High-end,Normal,21.9,21.9,0.06,True
S01698,2026-06,B037,Finger,High-end,Dim,19.8,19.6,0.17,True
S01699,2026-01,B039,Finger,High-end,Dim,19.5,19.9,0.42,True
S01700,2026-04,B043,Finger,High-end,Normal,14.5,14.5,0.06,True
S01701,2026-05,B019,Wrist,Mid-range,Normal,186.2,184.9,1.33,True
S01702,2025-11,B042,Wrist,Low-end,Normal,179.6,177.4,2.15,True
S01703,2025-10,B004,Finger,High-end,Normal,21.9,22.4,0.47,True
S01704,2026-07,B007,Finger,Low-end,Normal,16.1,15.7,0.45,True
S01705,2026-04,B012,Wrist,Low-end,Bright,154.0,154.3,0.27,True
S01706,2026-04,B015,Finger,High-end,Normal,16.4,16.0,0.34,True
S01707,2026-08,B007,Finger,High-end,Dim,19.5,19.6,0.14,True
S01708,2026-04,B046,Finger,Mid-range,Normal,19.8,20.0,0.22,True
S01709,2026-06,B005,Wrist,Low-end,Normal,158.7,161.1,2.4,True
S01710,2026-09,B035,Wrist,High-end,Dim,169.5,169.8,0.37,True
S01711,2025-11,B044,Finger,Mid-range,Normal,19.7,19.5,0.21,True
S01712,2026-03,B043,Finger,Mid-range,Bright,19.7,19.7,0.01,True
S01713,2025-12,B011,Wrist,Mid-range,Normal,151.0,149.6,1.34,True
S01714,2026-05,B001,Finger,Low-end,Bright,18.0,17.3,0.69,False
S01715,2025-10,B037,Finger,High-end,Normal,15.2,15.2,0.01,True
S01716,2025-10,B032,Finger,Mid-range,Dim,16.0,16.6,0.55,False
S01717,2026-03,B003,Neck,Low-end,Bright,410.6,407.4,3.14,True
S01718,2025-10,B016,Finger,Mid-range,Bright,20.8,20.8,0.05,True
S01719,2026-02,B014,Finger,Mid-range,Bright,16.7,16.9,0.14,True
S01720,2026-08,B004,Finger,Low-end,Normal,21.6,22.6,1.02,False
S01721,2025-11,B024,Wrist,Mid-range,Normal,188.9,189.4,0.56,True
S01722,2025-11,B046,Neck,Mid-range,Normal,348.8,352.1,3.29,True
S01723,2025-11,B041,Finger,Low-end,Normal,22.0,21.1,0.86,False
S01724,2025-12,B028,Finger,Mid-range,Normal,14.7,14.6,0.13,True
S01725,2026-02,B028,Finger,High-end,Normal,17.4,17.5,0.1,True
S01726,2026-01,B027,Finger,Mid-range,Normal,19.9,19.8,0.08,True
S01727,2026-04,B040,Wrist,Mid-range,Bright,170.4,167.9,2.49,True
S01728,2025-12,B046,Finger,Mid-range,Normal,21.9,22.4,0.51,False
S01729,2026-06,B042,Wrist,Mid-range,Bright,181.4,182.0,0.7,True
S01730,2025-10,B015,Finger,Low-end,Bright,15.7,15.6,0.08,True
S01731,2026-05,B045,Finger,High-end,Bright,20.6,20.6,0.05,True
S01732,2025-12,B029,Finger,Mid-range,Normal,19.2,19.4,0.23,True
S01733,2026-03,B004,Finger,High-end,Normal,17.6,18.0,0.41,True
S01734,2026-04,B028,Neck,Mid-range,Normal,331.0,336.3,5.35,True
S01735,2026-04,B033,Finger,Low-end,Normal,19.0,18.5,0.5,True
S01736,2026-03,B001,Neck,Mid-range,Normal,414.3,417.9,3.58,True
S01737,2026-03,B043,Finger,Mid-range,Bright,19.2,19.3,0.16,True
S01738,2026-03,B044,Neck,Mid-range,Normal,343.2,339.3,3.91,True
S01739,2026-03,B047,Wrist,Mid-range,Dim,167.4,167.4,0.05,True
S01740,2025-11,B019,Finger,Low-end,Normal,20.7,20.7,0.03,True
S01741,2025-10,B024,Finger,High-end,Bright,17.9,17.7,0.12,True
S01742,2026-02,B043,Finger,Mid-range,Normal,16.3,16.4,0.13,True
S01743,2026-07,B016,Neck,Mid-range,Normal,344.1,347.6,3.49,True
S01744,2025-11,B012,Finger,Low-end,Bright,17.2,16.5,0.63,False
S01745,2026-03,B012,Neck,Low-end,Normal,417.4,418.4,0.97,True
S01746,2025-12,B022,Neck,Mid-range,Dim,407.3,407.8,0.51,True
S01747,2026-08,B027,Wrist,Mid-range,Normal,159.0,157.6,1.39,True
S01748,2025-11,B024,Neck,Low-end,Bright,363.9,363.2,0.7,True
S01749,2026-02,B030,Wrist,Mid-range,Normal,169.5,169.8,0.32,True
S01750,2026-02,B015,Finger,Mid-range,Dim,21.5,20.7,0.78,False
S01751,2026-05,B030,Finger,Mid-range,Normal,18.5,17.7,0.8,False
S01752,2026-07,B036,Finger,High-end,Normal,15.0,15.1,0.09,True
S01753,2026-06,B034,Finger,High-end,Normal,15.0,15.3,0.32,True
S01754,2025-10,B044,Wrist,Mid-range,Normal,162.6,163.2,0.61,True
S01755,2026-07,B029,Wrist,Low-end,Normal,154.5,154.4,0.05,True
S01756,2026-01,B007,Finger,High-end,Bright,14.4,14.5,0.1,True
S01757,2026-05,B033,Wrist,Mid-range,Bright,176.5,177.8,1.35,True
S01758,2026-08,B028,Finger,High-end,Normal,14.6,14.6,0.03,True
S01759,2026-09,B034,Neck,Low-end,Bright,414.7,408.6,6.08,False
S01760,2025-12,B026,Finger,High-end,Normal,16.3,15.9,0.35,True
S01761,2025-10,B021,Neck,Low-end,Bright,395.8,396.0,0.2,True
S01762,2026-07,B007,Neck,Mid-range,Dim,365.3,367.4,2.1,True
S01763,2025-11,B043,Finger,Mid-range,Bright,17.7,18.0,0.29,True
S01764,2026-03,B011,Finger,High-end,Normal,20.0,20.4,0.41,True
S01765,2026-07,B043,Finger,Mid-range,Normal,21.9,22.1,0.15,True
S01766,2026-03,B035,Neck,Low-end,Normal,386.9,391.1,4.23,True
S01767,2025-10,B028,Finger,High-end,Dim,14.3,13.7,0.6,False
S01768,2026-09,B018,Neck,Mid-range,Bright,410.8,411.7,0.9,True
S01769,2026-04,B010,Neck,High-end,Normal,365.0,366.1,1.07,True
S01770,2025-11,B035,Neck,High-end,Normal,363.2,361.8,1.34,True
S01771,2026-08,B009,Finger,Mid-range,Dim,19.4,19.4,0.02,True
S01772,2026-07,B022,Wrist,Low-end,Normal,159.4,159.4,0.01,True
S01773,2026-07,B004,Finger,Low-end,Normal,18.4,17.4,1.0,False
S01774,2026-08,B016,Finger,Mid-range,Normal,17.8,17.7,0.09,True
S01775,2026-05,B042,Finger,High-end,Dim,14.3,14.6,0.35,True
S01776,2026-06,B003,Neck,Mid-range,Normal,402.8,402.9,0.07,True
S01777,2026-03,B008,Finger,Mid-range,Normal,18.0,17.5,0.49,True
S01778,2026-03,B011,Finger,Mid-range,Bright,14.9,15.0,0.13,True
S01779,2026-06,B024,Neck,Mid-range,Normal,337.3,332.4,4.92,True
S01780,2026-09,B034,Neck,Mid-range,Bright,373.4,375.9,2.49,True
S01781,2025-12,B001,Finger,Mid-range,Bright,18.9,19.5,0.53,False
S01782,2025-12,B038,Neck,High-end,Bright,375.4,377.5,2.13,True
S01783,2026-04,B048,Wrist,Low-end,Normal,157.2,159.0,1.72,True
S01784,2026-06,B018,Finger,Low-end,Dim,15.3,15.7,0.49,True
S01785,2025-12,B029,Finger,Mid-range,Normal,16.8,17.4,0.54,False
S01786,2025-10,B012,Wrist,Mid-range,Normal,166.8,170.0,3.16,False
S01787,2025-10,B029,Wrist,Mid-range,Normal,182.0,183.3,1.38,True
S01788,2026-07,B017,Finger,Mid-range,Dim,19.5,20.6,1.11,False
S01789,2026-06,B024,Neck,High-end,Normal,403.8,400.8,3.05,True
S01790,2025-12,B012,Finger,Mid-range,Normal,20.4,20.7,0.3,True
S01791,2026-08,B028,Finger,Mid-range,Normal,17.0,16.9,0.11,True
S01792,2026-02,B021,Finger,High-end,Normal,19.4,19.3,0.15,True
S01793,2026-05,B038,Neck,Low-end,Bright,335.8,338.3,2.46,True
S01794,2026-08,B008,Finger,High-end,Normal,15.6,15.3,0.23,True
S01795,2026-01,B014,Finger,Mid-range,Dim,16.9,17.5,0.59,False
S01796,2026-06,B023,Finger,High-end,Bright,16.6,16.7,0.15,True
S01797,2026-04,B008,Finger,Low-end,Normal,17.6,17.8,0.13,True
S01798,2026-04,B010,Finger,High-end,Bright,14.9,15.0,0.06,True
S01799,2026-05,B041,Neck,High-end,Normal,400.3,398.8,1.44,True
S01800,2026-01,B035,Finger,High-end,Normal,16.1,16.3,0.14,True
S01801,2026-02,B039,Finger,Mid-range,Bright,21.0,21.3,0.3,True
S01802,2025-11,B034,Neck,Mid-range,Normal,359.1,356.6,2.46,True
S01803,2025-12,B034,Neck,Mid-range,Normal,396.2,395.9,0.27,True
S01804,2025-11,B043,Finger,High-end,Dim,18.7,19.1,0.44,True
S01805,2026-09,B020,Wrist,Mid-range,Normal,166.4,167.5,1.08,True
S01806,2026-01,B015,Wrist,Mid-range,Normal,159.3,159.9,0.6,True
S01807,2026-05,B020,Wrist,Low-end,Normal,189.7,188.2,1.45,True
S01808,2026-07,B031,Finger,Mid-range,Bright,20.3,20.5,0.24,True
S01809,2025-12,B030,Neck,Low-end,Dim,348.0,347.3,0.77,True
S01810,2025-10,B037,Finger,Low-end,Normal,15.0,15.0,0.03,True
S01811,2026-03,B023,Wrist,High-end,Normal,178.2,177.5,0.68,True
S01812,2025-10,B027,Finger,High-end,Normal,18.1,17.8,0.24,True
S01813,2026-04,B020,Finger,Mid-range,Bright,20.7,20.9,0.2,True
S01814,2026-06,B003,Wrist,High-end,Dim,184.5,185.3,0.8,True
S01815,2025-10,B004,Wrist,Low-end,Normal,181.3,177.6,3.7,False
S01816,2026-08,B040,Wrist,High-end,Normal,178.7,179.6,0.91,True
S01817,2026-07,B044,Finger,Mid-range,Bright,15.4,14.7,0.67,False
S01818,2026-01,B034,Finger,Low-end,Normal,17.2,17.4,0.17,True
S01819,2026-04,B037,Finger,Low-end,Normal,20.2,20.5,0.3,True
S01820,2026-09,B021,Finger,Low-end,Normal,18.3,19.3,0.99,False
S01821,2026-04,B022,Wrist,Mid-range,Normal,156.0,157.0,0.9,True
S01822,2026-07,B043,Wrist,Mid-range,Dim,188.7,188.3,0.41,True
S01823,2026-05,B042,Wrist,Mid-range,Normal,168.6,169.2,0.68,True
S01824,2026-02,B027,Finger,Low-end,Dim,14.5,15.0,0.47,True
S01825,2026-02,B032,Finger,High-end,Dim,18.9,18.9,0.02,True
S01826,2026-01,B002,Wrist,Mid-range,Dim,165.5,164.8,0.75,True
S01827,2025-11,B003,Neck,Mid-range,Bright,351.8,353.0,1.27,True
S01828,2026-03,B031,Wrist,High-end,Normal,174.3,174.7,0.45,True
S01829,2025-12,B018,Finger,Low-end,Normal,19.9,19.7,0.15,True
S01830,2026-01,B003,Wrist,Mid-range,Bright,180.6,178.5,2.1,True
S01831,2025-10,B023,Wrist,High-end,Dim,167.3,168.1,0.75,True
S01832,2026-06,B036,Neck,Mid-range,Normal,393.9,393.1,0.87,True
S01833,2025-11,B008,Wrist,Mid-range,Normal,157.8,154.5,3.29,False
S01834,2026-01,B040,Finger,Low-end,Normal,15.3,15.2,0.09,True
S01835,2026-04,B032,Wrist,Mid-range,Normal,179.4,182.8,3.46,False
S01836,2026-09,B040,Neck,High-end,Normal,387.5,388.7,1.17,True
S01837,2026-02,B030,Finger,High-end,Dim,19.5,19.6,0.09,True
S01838,2026-02,B028,Wrist,Mid-range,Normal,158.1,159.2,1.13,True
S01839,2026-03,B013,Neck,Mid-range,Normal,349.1,350.0,0.83,True
S01840,2025-10,B043,Finger,Mid-range,Dim,19.9,19.9,0.04,True
S01841,2026-01,B015,Neck,High-end,Normal,344.3,344.0,0.29,True
S01842,2026-08,B017,Finger,Low-end,Normal,17.9,18.1,0.17,True
S01843,2026-06,B039,Wrist,High-end,Normal,181.4,181.4,0.05,True
S01844,2026-06,B038,Finger,High-end,Normal,15.9,16.1,0.16,True
S01845,2026-08,B021,Neck,Mid-range,Normal,376.8,374.4,2.45,True
S01846,2025-10,B031,Finger,Mid-range,Normal,19.2,18.8,0.37,True
S01847,2026-05,B031,Neck,Mid-range,Normal,399.8,398.7,1.13,True
S01848,2026-02,B039,Wrist,Mid-range,Bright,150.9,151.8,0.82,True
S01849,2026-07,B021,Finger,High-end,Normal,20.1,20.3,0.21,True
S01850,2026-09,B006,Wrist,Mid-range,Normal,163.8,163.6,0.18,True
S01851,2026-02,B027,Wrist,Mid-range,Bright,176.7,176.9,0.2,True
S01852,2026-01,B030,Wrist,Low-end,Normal,160.0,160.6,0.59,True
S01853,2026-04,B033,Finger,Mid-range,Normal,15.1,15.4,0.33,True
S01854,2026-02,B014,Neck,High-end,Bright,351.7,349.6,2.1,True
S01855,2026-09,B034,Finger,Mid-range,Normal,14.5,14.7,0.2,True
S01856,2026-08,B013,Finger,High-end,Normal,15.6,15.4,0.14,True
S01857,2026-02,B025,Neck,Low-end,Dim,378.1,387.6,9.56,False
S01858,2026-04,B013,Finger,Mid-range,Bright,16.9,16.3,0.57,False
S01859,2026-02,B021,Wrist,Mid-range,Normal,153.9,155.4,1.44,True
S01860,2026-01,B015,Finger,Mid-range,Normal,17.3,17.1,0.21,True
S01861,2026-05,B042,Wrist,Mid-range,Bright,169.9,170.2,0.31,True
S01862,2026-07,B043,Finger,High-end,Normal,18.7,19.0,0.25,True
S01863,2025-11,B018,Wrist,High-end,Bright,161.2,161.0,0.22,True
S01864,2025-12,B008,Wrist,Mid-range,Normal,169.7,169.2,0.53,True
S01865,2026-03,B001,Wrist,Mid-range,Normal,156.6,156.2,0.41,True
S01866,2026-07,B029,Finger,High-end,Normal,16.1,16.3,0.13,True
S01867,2025-12,B042,Finger,Mid-range,Normal,15.0,15.0,0.01,True
S01868,2026-09,B020,Finger,Low-end,Normal,15.3,15.9,0.6,False
S01869,2025-11,B029,Neck,High-end,Bright,396.4,398.6,2.24,True
S01870,2026-09,B031,Wrist,High-end,Dim,167.6,167.3,0.28,True
S01871,2025-10,B037,Finger,Mid-range,Normal,15.5,15.1,0.37,True
S01872,2026-02,B037,Finger,High-end,Normal,19.3,19.2,0.1,True
S01873,2026-06,B028,Wrist,Low-end,Normal,163.3,162.0,1.26,True
S01874,2026-02,B005,Finger,High-end,Dim,19.9,20.1,0.19,True
S01875,2025-10,B007,Finger,Low-end,Normal,17.8,17.8,0.01,True
S01876,2026-09,B019,Neck,High-end,Normal,341.0,341.6,0.58,True
S01877,2026-05,B036,Finger,Mid-range,Normal,18.1,18.5,0.41,True
S01878,2026-07,B020,Finger,Mid-range,Bright,15.0,15.3,0.35,True
S01879,2026-07,B006,Wrist,Mid-range,Normal,164.1,163.7,0.35,True
S01880,2026-06,B047,Wrist,Mid-range,Bright,151.3,153.2,1.87,True
S01881,2026-04,B016,Finger,Mid-range,Dim,16.0,15.9,0.06,True
S01882,2026-06,B034,Finger,Mid-range,Dim,17.3,16.9,0.42,True
S01883,2026-07,B020,Finger,Mid-range,Dim,15.7,15.7,0.05,True
S01884,2026-05,B017,Finger,High-end,Normal,16.2,16.3,0.08,True
S01885,2026-02,B032,Neck,Low-end,Normal,403.2,408.0,4.78,True
S01886,2026-09,B040,Neck,Low-end,Bright,402.6,404.7,2.15,True
S01887,2025-11,B019,Wrist,Mid-range,Normal,187.7,187.1,0.61,True
S01888,2026-05,B013,Finger,Mid-range,Normal,17.6,17.8,0.22,True
S01889,2025-10,B048,Neck,Mid-range,Normal,382.9,386.3,3.46,True
S01890,2026-07,B048,Finger,High-end,Normal,14.9,15.2,0.3,True
S01891,2026-05,B044,Wrist,Mid-range,Normal,155.1,153.3,1.87,True
S01892,2026-01,B043,Finger,Mid-range,Bright,16.3,16.4,0.18,True
S01893,2025-11,B015,Finger,High-end,Dim,17.9,17.4,0.45,True
S01894,2026-08,B044,Wrist,Mid-range,Normal,161.0,161.3,0.31,True
S01895,2026-05,B016,Neck,Mid-range,Dim,413.0,419.6,6.65,False
S01896,2025-11,B033,Finger,High-end,Normal,15.4,15.5,0.07,True
S01897,2025-12,B044,Wrist,High-end,Normal,154.9,156.3,1.34,True
S01898,2026-02,B046,Finger,High-end,Normal,21.5,21.5,0.06,True
S01899,2025-11,B045,Finger,Mid-range,Normal,19.9,19.6,0.32,True
S01900,2026-08,B024,Finger,Mid-range,Normal,21.5,21.3,0.18,True
S01901,2026-04,B023,Wrist,Mid-range,Dim,181.7,182.1,0.41,True
S01902,2026-07,B028,Neck,Low-end,Normal,400.4,406.9,6.53,False
S01903,2026-09,B013,Finger,Low-end,Normal,16.1,16.4,0.26,True
S01904,2026-05,B045,Finger,Mid-range,Normal,15.3,15.5,0.15,True
S01905,2026-08,B031,Finger,Mid-range,Normal,17.4,17.6,0.2,True
S01906,2026-06,B027,Neck,Mid-range,Bright,333.6,334.9,1.33,True
S01907,2025-12,B042,Wrist,Low-end,Dim,164.1,166.0,1.89,True
S01908,2025-12,B027,Wrist,Mid-range,Normal,172.1,175.0,2.95,True
S01909,2026-04,B039,Wrist,Mid-range,Dim,150.8,152.1,1.3,True
S01910,2026-07,B025,Neck,Mid-range,Dim,413.1,415.2,2.1,True
S01911,2026-02,B012,Finger,Low-end,Bright,16.4,16.2,0.17,True
S01912,2026-09,B014,Finger,High-end,Normal,21.0,21.2,0.14,True
S01913,2026-05,B032,Finger,Low-end,Normal,15.6,15.9,0.25,True
S01914,2026-06,B038,Finger,Mid-range,Bright,16.6,16.0,0.59,False
S01915,2026-08,B047,Finger,Low-end,Normal,21.3,20.9,0.41,True
S01916,2026-03,B029,Neck,High-end,Normal,353.7,352.8,0.82,True
S01917,2026-04,B028,Wrist,High-end,Dim,185.0,184.7,0.27,True
S01918,2026-06,B018,Finger,Low-end,Dim,21.2,20.3,0.83,False
S01919,2026-07,B017,Finger,Mid-range,Bright,15.4,15.3,0.11,True
S01920,2026-01,B029,Finger,Mid-range,Dim,18.6,19.2,0.66,False
S01921,2026-06,B016,Neck,Mid-range,Normal,397.8,395.9,1.88,True
S01922,2025-10,B008,Finger,High-end,Bright,16.4,16.5,0.12,True
S01923,2026-08,B014,Finger,High-end,Normal,18.4,18.1,0.35,True
S01924,2026-03,B043,Finger,Low-end,Dim,16.8,17.7,0.91,False
S01925,2025-12,B004,Wrist,High-end,Normal,166.2,165.8,0.46,True
S01926,2026-01,B019,Finger,Mid-range,Normal,21.2,21.6,0.44,True
S01927,2026-04,B024,Wrist,Mid-range,Normal,166.4,165.2,1.28,True
S01928,2026-08,B021,Finger,High-end,Normal,18.1,18.8,0.67,False
S01929,2026-02,B044,Wrist,Mid-range,Normal,158.0,157.1,0.87,True
S01930,2026-03,B047,Finger,Low-end,Bright,21.6,22.5,0.82,False
S01931,2026-02,B001,Finger,Mid-range,Bright,14.1,14.1,0.01,True
S01932,2026-09,B041,Neck,Mid-range,Dim,405.2,398.7,6.45,False
S01933,2026-07,B010,Finger,Low-end,Dim,16.2,15.8,0.39,True
S01934,2026-01,B022,Finger,Low-end,Dim,16.1,16.5,0.43,True
S01935,2026-01,B043,Neck,Mid-range,Normal,341.3,345.4,4.07,True
S01936,2026-07,B043,Neck,Mid-range,Normal,365.4,359.6,5.85,True
S01937,2026-04,B009,Neck,Low-end,Normal,390.6,389.9,0.73,True
S01938,2026-04,B026,Wrist,High-end,Dim,164.5,164.3,0.28,True
S01939,2025-10,B040,Finger,Mid-range,Normal,14.7,14.7,0.03,True
S01940,2026-07,B045,Finger,High-end,Dim,19.5,19.7,0.18,True
S01941,2025-10,B034,Wrist,Mid-range,Normal,184.0,183.1,0.83,True
S01942,2026-09,B031,Finger,Mid-range,Dim,18.2,19.8,1.58,False
S01943,2026-06,B028,Finger,Mid-range,Normal,17.8,17.7,0.07,True
S01944,2026-04,B021,Finger,Mid-range,Bright,18.5,17.9,0.61,False
S01945,2026-05,B008,Wrist,Low-end,Normal,177.2,178.3,1.06,True
S01946,2026-02,B011,Finger,Mid-range,Normal,16.0,16.3,0.32,True
S01947,2026-03,B037,Wrist,Low-end,Bright,188.2,191.5,3.26,False
S01948,2026-03,B037,Finger,High-end,Bright,21.6,21.4,0.18,True
S01949,2026-08,B013,Finger,Mid-range,Normal,16.8,16.7,0.09,True
S01950,2025-10,B029,Finger,Mid-range,Normal,22.0,22.8,0.83,False
S01951,2025-11,B040,Finger,Mid-range,Normal,16.5,16.2,0.27,True
S01952,2026-04,B042,Finger,Mid-range,Dim,14.4,14.3,0.08,True
S01953,2025-12,B036,Finger,Low-end,Normal,18.2,18.8,0.54,False
S01954,2026-04,B031,Finger,High-end,Normal,16.5,16.7,0.16,True
S01955,2026-06,B040,Wrist,Mid-range,Normal,175.2,177.5,2.31,True
S01956,2025-10,B007,Neck,Mid-range,Normal,366.2,366.0,0.21,True
S01957,2026-01,B046,Wrist,Low-end,Bright,182.5,182.5,0.0,True
S01958,2026-07,B025,Neck,Mid-range,Normal,378.6,382.1,3.41,True
S01959,2026-08,B046,Neck,High-end,Normal,331.9,335.6,3.71,True
S01960,2025-11,B003,Wrist,Low-end,Normal,174.9,177.2,2.24,True
S01961,2025-10,B007,Finger,Mid-range,Normal,14.3,14.5,0.19,True
S01962,2026-01,B027,Finger,Low-end,Normal,19.9,19.1,0.83,False
S01963,2026-01,B020,Finger,Mid-range,Bright,18.2,18.2,0.04,True
S01964,2026-08,B015,Wrist,Mid-range,Normal,180.2,179.7,0.48,True
S01965,2026-05,B005,Finger,High-end,Normal,14.2,14.2,0.03,True
S01966,2026-03,B007,Finger,Mid-range,Normal,16.5,16.2,0.31,True
S01967,2026-06,B031,Finger,Low-end,Normal,21.8,22.3,0.5,True
S01968,2026-03,B035,Neck,Mid-range,Normal,388.1,383.8,4.36,True
S01969,2026-04,B005,Neck,Low-end,Normal,401.5,399.2,2.31,True
S01970,2026-09,B007,Neck,Mid-range,Normal,354.0,356.2,2.27,True
S01971,2026-09,B018,Neck,Mid-range,Normal,336.2,336.0,0.19,True
S01972,2026-05,B039,Finger,High-end,Normal,19.0,19.2,0.2,True
S01973,2026-02,B025,Finger,Mid-range,Normal,14.8,14.5,0.24,True
S01974,2026-02,B016,Neck,Mid-range,Normal,350.1,352.3,2.16,True
S01975,2025-12,B016,Finger,Mid-range,Normal,18.2,18.1,0.15,True
S01976,2026-09,B021,Finger,Mid-range,Dim,16.3,17.3,0.96,False
S01977,2026-05,B022,Neck,High-end,Normal,341.4,347.0,5.62,True
S01978,2026-01,B027,Wrist,Mid-range,Normal,153.2,151.4,1.78,True
S01979,2026-09,B019,Wrist,High-end,Normal,155.9,153.0,2.88,True
S01980,2026-04,B008,Wrist,High-end,Bright,180.4,179.6,0.74,True
S01981,2025-12,B030,Finger,Mid-range,Normal,16.0,15.5,0.53,False
S01982,2026-01,B004,Finger,Mid-range,Normal,14.1,14.5,0.37,True
S01983,2025-12,B017,Neck,Mid-range,Normal,404.3,403.3,0.97,True
S01984,2025-11,B018,Finger,Low-end,Bright,15.6,15.7,0.11,True
S01985,2026-09,B043,Finger,High-end,Normal,19.4,19.5,0.14,True
S01986,2025-11,B042,Finger,Mid-range,Dim,14.7,14.7,0.08,True
S01987,2026-04,B006,Wrist,Low-end,Normal,177.8,175.9,1.98,True
S01988,2026-01,B011,Finger,Low-end,Normal,15.8,15.3,0.51,False
S01989,2026-08,B026,Wrist,Low-end,Bright,163.8,164.9,1.04,True
S01990,2026-09,B011,Finger,Mid-range,Dim,21.6,21.0,0.65,False
S01991,2025-10,B024,Finger,Low-end,Normal,18.6,18.9,0.33,True
S01992,2026-08,B034,Finger,Mid-range,Normal,21.4,21.3,0.08,True
S01993,2025-11,B044,Finger,Mid-range,Normal,17.2,17.1,0.11,True
S01994,2026-01,B019,Finger,High-end,Normal,21.7,21.7,0.06,True
S01995,2026-06,B043,Neck,Low-end,Dim,372.4,363.1,9.32,False
S01996,2026-02,B042,Neck,Mid-range,Normal,366.3,362.4,3.93,True
S01997,2026-02,B035,Neck,High-end,Normal,355.6,351.5,4.08,True
S01998,2025-10,B007,Finger,Mid-range,Normal,17.7,17.4,0.23,True
S01999,2026-01,B025,Neck,Mid-range,Normal,345.7,348.0,2.28,True
S02000,2026-03,B009,Finger,High-end,Normal,17.2,16.7,0.46,True
S02001,2025-12,B021,Finger,High-end,Dim,16.9,17.0,0.12,True
S02002,2026-04,B045,Finger,Mid-range,Dim,18.5,18.2,0.27,True
S02003,2026-04,B036,Finger,Mid-range,Normal,18.8,18.3,0.46,True
S02004,2025-11,B021,Wrist,Low-end,Dim,177.9,178.1,0.24,True
S02005,2025-12,B011,Wrist,Low-end,Normal,173.1,178.2,5.15,False
S02006,2025-11,B014,Finger,High-end,Normal,18.6,18.3,0.31,True
S02007,2026-06,B034,Finger,Low-end,Normal,19.3,19.1,0.21,True
S02008,2026-06,B028,Wrist,Mid-range,Normal,151.5,152.3,0.79,True
S02009,2026-06,B046,Finger,Mid-range,Dim,18.8,19.1,0.29,True
S02010,2026-07,B008,Finger,High-end,Dim,18.3,18.8,0.51,False
S02011,2025-10,B043,Finger,High-end,Normal,18.3,18.6,0.25,True
S02012,2026-06,B024,Neck,High-end,Bright,333.3,331.1,2.12,True
S02013,2026-07,B004,Wrist,High-end,Normal,183.6,181.2,2.43,True
S02014,2025-11,B029,Finger,Mid-range,Normal,21.6,21.7,0.1,True
S02015,2026-03,B018,Finger,Mid-range,Normal,15.3,16.3,1.01,False
S02016,2025-11,B023,Neck,Mid-range,Dim,355.1,355.0,0.12,True
S02017,2026-03,B020,Finger,High-end,Dim,18.5,18.7,0.2,True
S02018,2026-05,B045,Wrist,High-end,Normal,167.9,167.3,0.54,True
S02019,2026-01,B031,Wrist,Mid-range,Bright,175.3,173.5,1.84,True
S02020,2026-03,B029,Finger,Mid-range,Bright,16.6,16.8,0.26,True
S02021,2026-08,B017,Finger,Mid-range,Normal,19.0,18.9,0.12,True
S02022,2026-05,B011,Finger,Mid-range,Normal,20.6,20.5,0.1,True
S02023,2026-01,B022,Neck,High-end,Normal,331.2,331.6,0.41,True
S02024,2025-11,B009,Wrist,Mid-range,Normal,162.9,161.8,1.02,True
S02025,2026-02,B020,Finger,High-end,Normal,16.0,15.5,0.54,False
S02026,2025-11,B026,Neck,Low-end,Bright,338.7,337.8,0.88,True
S02027,2026-02,B042,Finger,Mid-range,Normal,15.5,15.5,0.08,True
S02028,2025-12,B007,Finger,High-end,Normal,14.0,14.4,0.42,True
S02029,2026-04,B018,Wrist,Mid-range,Normal,163.9,163.6,0.27,True
S02030,2026-02,B023,Finger,Mid-range,Normal,20.5,20.8,0.27,True
S02031,2026-01,B011,Neck,High-end,Normal,401.1,399.3,1.82,True
S02032,2025-12,B018,Wrist,Low-end,Normal,161.3,159.6,1.65,True
S02033,2026-08,B045,Finger,Mid-range,Dim,18.3,18.5,0.11,True
S02034,2026-06,B028,Neck,Low-end,Normal,379.4,378.5,0.87,True
S02035,2025-11,B005,Finger,Low-end,Normal,19.3,18.7,0.55,False
S02036,2026-03,B021,Finger,High-end,Normal,16.3,16.4,0.08,True
S02037,2026-09,B046,Neck,High-end,Normal,348.3,350.1,1.83,True
S02038,2026-09,B026,Wrist,Mid-range,Normal,186.1,184.9,1.17,True
S02039,2025-11,B027,Wrist,Mid-range,Normal,189.9,189.4,0.52,True
S02040,2026-09,B024,Wrist,Mid-range,Normal,158.1,159.9,1.8,True
S02041,2026-04,B028,Wrist,Mid-range,Dim,173.3,171.6,1.65,True
S02042,2026-08,B031,Finger,Mid-range,Dim,16.4,15.5,0.96,False
S02043,2026-01,B013,Finger,Mid-range,Normal,17.2,17.6,0.46,True
S02044,2026-05,B009,Wrist,Mid-range,Normal,176.8,179.3,2.59,True
S02045,2026-02,B018,Finger,Mid-range,Normal,16.7,17.4,0.63,False
S02046,2025-12,B034,Finger,Low-end,Normal,17.2,16.6,0.62,False
S02047,2026-04,B035,Neck,Low-end,Dim,362.5,363.8,1.25,True
S02048,2026-02,B019,Finger,Low-end,Bright,20.6,19.9,0.71,False
S02049,2025-11,B041,Wrist,Mid-range,Normal,169.2,169.9,0.7,True
S02050,2025-12,B043,Finger,High-end,Normal,14.7,14.4,0.27,True
S02051,2025-12,B035,Finger,High-end,Normal,16.2,15.7,0.46,True
S02052,2025-11,B031,Finger,High-end,Bright,21.4,21.7,0.28,True
S02053,2026-07,B023,Finger,Mid-range,Bright,16.9,16.8,0.15,True
S02054,2026-09,B044,Neck,Mid-range,Dim,382.9,387.1,4.18,True
S02055,2026-08,B016,Finger,Low-end,Normal,16.7,17.0,0.26,True
S02056,2025-11,B022,Neck,Mid-range,Normal,405.4,407.5,2.09,True
S02057,2025-11,B027,Wrist,Low-end,Normal,150.3,154.7,4.43,False
S02058,2026-02,B008,Neck,Mid-range,Normal,406.8,407.9,1.13,True
S02059,2026-07,B037,Neck,Mid-range,Normal,406.7,409.1,2.4,True
S02060,2025-10,B034,Finger,Low-end,Bright,15.1,14.6,0.47,True
S02061,2026-05,B004,Neck,Mid-range,Bright,367.6,367.2,0.41,True
S02062,2026-09,B031,Finger,Mid-range,Normal,17.9,18.5,0.64,False
S02063,2026-07,B022,Neck,High-end,Normal,382.0,381.4,0.66,True
S02064,2026-03,B020,Wrist,Mid-range,Normal,167.9,168.1,0.19,True
S02065,2026-02,B016,Finger,Mid-range,Normal,15.3,15.5,0.22,True
S02066,2025-12,B001,Neck,High-end,Dim,413.8,410.6,3.16,True
S02067,2026-08,B014,Wrist,Low-end,Bright,183.0,183.2,0.25,True
S02068,2026-03,B012,Neck,Mid-range,Normal,366.5,371.9,5.45,True
S02069,2026-06,B003,Wrist,Low-end,Normal,177.9,177.1,0.78,True
S02070,2026-01,B041,Wrist,High-end,Normal,184.4,185.4,0.95,True
S02071,2026-09,B020,Finger,Low-end,Normal,20.6,21.0,0.43,True
S02072,2026-07,B024,Wrist,Mid-range,Normal,177.2,173.9,3.31,False
S02073,2026-01,B028,Neck,High-end,Bright,335.5,333.4,2.14,True
S02074,2026-08,B029,Neck,Low-end,Dim,333.1,329.8,3.28,True
S02075,2026-03,B019,Wrist,High-end,Normal,174.1,174.5,0.39,True
S02076,2026-06,B020,Wrist,Mid-range,Dim,173.6,174.0,0.38,True
S02077,2026-03,B001,Neck,Mid-range,Bright,372.3,374.4,2.12,True
S02078,2026-04,B022,Wrist,Low-end,Normal,153.5,151.1,2.38,True
S02079,2026-05,B048,Neck,Low-end,Normal,378.4,381.8,3.39,True
S02080,2026-08,B046,Neck,Mid-range,Dim,418.9,424.9,6.04,False
S02081,2026-02,B031,Wrist,Mid-range,Bright,167.4,168.9,1.55,True
S02082,2026-04,B001,Wrist,High-end,Normal,189.4,188.2,1.21,True
S02083,2026-03,B025,Finger,High-end,Bright,20.6,20.7,0.07,True
S02084,2026-01,B035,Wrist,Mid-range,Normal,180.4,179.9,0.49,True
S02085,2026-07,B039,Finger,Mid-range,Dim,22.0,22.0,0.0,True
S02086,2026-01,B042,Finger,High-end,Normal,21.7,21.6,0.15,True
S02087,2026-03,B005,Wrist,High-end,Dim,178.1,177.1,1.06,True
S02088,2026-01,B014,Finger,Mid-range,Normal,15.9,16.1,0.18,True
S02089,2026-08,B009,Wrist,Low-end,Normal,164.4,165.7,1.32,True
S02090,2026-02,B028,Finger,Low-end,Normal,18.7,19.4,0.69,False
S02091,2026-08,B035,Finger,Mid-range,Normal,17.4,17.3,0.13,True
S02092,2025-11,B039,Wrist,High-end,Normal,188.3,189.0,0.67,True
S02093,2026-03,B040,Neck,Low-end,Bright,399.0,403.0,3.96,True
S02094,2025-11,B004,Finger,Mid-range,Dim,14.6,14.1,0.59,False
S02095,2026-03,B010,Wrist,High-end,Normal,172.9,171.1,1.76,True
S02096,2026-02,B023,Finger,Mid-range,Bright,20.3,20.6,0.32,True
S02097,2025-11,B033,Finger,High-end,Bright,16.2,16.3,0.18,True
S02098,2025-11,B014,Finger,Low-end,Dim,20.7,21.7,1.06,False
S02099,2026-05,B041,Finger,High-end,Normal,16.9,17.1,0.26,True
S02100,2026-01,B033,Wrist,Mid-range,Normal,163.0,162.7,0.3,True
S02101,2026-01,B008,Finger,High-end,Normal,21.0,21.1,0.1,True
S02102,2025-12,B015,Wrist,Mid-range,Normal,188.5,187.3,1.14,True
S02103,2025-10,B002,Wrist,High-end,Dim,157.4,158.0,0.62,True
S02104,2026-07,B010,Finger,Mid-range,Normal,16.2,16.5,0.32,True
S02105,2025-10,B028,Wrist,Mid-range,Bright,177.7,177.8,0.13,True
S02106,2026-01,B023,Neck,High-end,Normal,347.6,349.8,2.21,True
S02107,2025-11,B020,Neck,Mid-range,Normal,333.1,335.1,1.98,True
S02108,2026-03,B029,Neck,Mid-range,Normal,341.4,344.5,3.13,True
S02109,2026-02,B012,Wrist,Low-end,Normal,180.9,183.3,2.4,True
S02110,2026-08,B043,Finger,Mid-range,Bright,15.5,15.0,0.45,True
S02111,2026-04,B010,Wrist,Mid-range,Normal,166.7,166.1,0.65,True
S02112,2025-10,B029,Wrist,High-end,Bright,180.7,180.0,0.72,True
S02113,2026-07,B035,Wrist,Low-end,Normal,185.4,188.1,2.74,True
S02114,2025-10,B022,Wrist,Mid-range,Normal,170.4,172.4,2.01,True
S02115,2025-12,B003,Wrist,Mid-range,Normal,154.8,154.1,0.65,True
S02116,2026-07,B028,Finger,High-end,Bright,20.9,20.9,0.06,True
S02117,2026-03,B045,Finger,High-end,Normal,18.6,18.2,0.4,True
S02118,2025-10,B026,Finger,Mid-range,Normal,16.8,17.5,0.73,False
S02119,2026-05,B019,Neck,High-end,Bright,380.0,380.2,0.26,True
S02120,2026-08,B008,Neck,High-end,Normal,402.5,402.7,0.2,True
S02121,2025-12,B023,Wrist,High-end,Normal,154.6,155.5,0.88,True
S02122,2025-12,B019,Neck,High-end,Normal,330.6,328.5,2.07,True
S02123,2025-12,B039,Wrist,Mid-range,Normal,168.5,168.6,0.09,True
S02124,2026-05,B001,Wrist,High-end,Normal,178.4,179.5,1.07,True
S02125,2026-05,B031,Finger,Low-end,Bright,18.9,18.9,0.06,True
S02126,2026-09,B041,Finger,Mid-range,Normal,14.4,14.3,0.06,True
S02127,2026-05,B045,Neck,Mid-range,Normal,373.7,375.7,2.0,True
S02128,2026-01,B048,Finger,High-end,Bright,15.8,15.7,0.02,True
S02129,2026-06,B019,Finger,Mid-range,Bright,19.9,19.8,0.14,True
S02130,2026-09,B005,Finger,Low-end,Normal,20.3,20.0,0.31,True
S02131,2026-03,B046,Finger,Mid-range,Normal,17.7,17.2,0.52,False
S02132,2025-12,B006,Wrist,Low-end,Normal,188.9,192.5,3.57,False
S02133,2026-09,B026,Finger,Mid-range,Normal,19.8,20.0,0.16,True
S02134,2026-09,B006,Finger,Low-end,Normal,17.2,16.7,0.51,False
S02135,2026-05,B020,Finger,Mid-range,Dim,16.4,15.5,0.87,False
S02136,2026-06,B014,Neck,Mid-range,Dim,403.6,406.2,2.69,True
S02137,2026-05,B031,Finger,Mid-range,Normal,20.8,20.9,0.12,True
S02138,2026-07,B044,Neck,Mid-range,Normal,386.7,390.2,3.45,True
S02139,2025-11,B013,Finger,Mid-range,Normal,14.6,14.5,0.02,True
S02140,2026-09,B003,Neck,Low-end,Dim,401.2,396.7,4.46,True
S02141,2026-03,B029,Finger,Mid-range,Normal,19.7,20.3,0.56,False
S02142,2026-08,B047,Wrist,Low-end,Normal,189.4,190.9,1.56,True
S02143,2026-03,B046,Neck,Mid-range,Bright,399.3,396.0,3.23,True
S02144,2025-10,B008,Finger,High-end,Normal,20.9,21.1,0.19,True
S02145,2026-01,B024,Wrist,Mid-range,Normal,170.8,172.7,1.87,True
S02146,2026-05,B031,Neck,High-end,Bright,358.8,357.8,1.0,True
S02147,2026-05,B039,Finger,Mid-range,Bright,18.3,18.5,0.19,True
S02148,2026-01,B035,Wrist,Low-end,Normal,158.8,158.3,0.43,True
S02149,2025-11,B020,Wrist,Mid-range,Normal,172.8,171.5,1.29,True
S02150,2026-01,B003,Finger,Mid-range,Dim,20.4,19.4,0.99,False
S02151,2026-09,B010,Finger,High-end,Dim,15.3,15.1,0.23,True
S02152,2026-03,B037,Finger,High-end,Normal,22.0,21.8,0.16,True
S02153,2026-05,B027,Finger,Low-end,Normal,15.6,15.6,0.02,True
S02154,2026-03,B038,Finger,Mid-range,Normal,18.2,18.7,0.58,False
S02155,2026-08,B030,Wrist,High-end,Normal,174.7,174.0,0.67,True
S02156,2026-07,B032,Finger,Mid-range,Normal,21.0,20.6,0.42,True
S02157,2025-12,B030,Finger,Mid-range,Dim,21.9,22.1,0.25,True
S02158,2026-02,B037,Finger,Mid-range,Normal,15.9,15.4,0.53,False
S02159,2026-03,B014,Finger,Mid-range,Dim,19.8,19.4,0.39,True
S02160,2026-06,B048,Wrist,Mid-range,Normal,166.9,168.9,1.93,True
S02161,2026-08,B042,Neck,Mid-range,Bright,351.4,345.3,6.12,False
S02162,2026-04,B044,Finger,Mid-range,Bright,17.1,17.1,0.06,True
S02163,2026-04,B035,Wrist,High-end,Bright,188.0,188.3,0.26,True
S02164,2026-04,B012,Finger,Mid-range,Normal,14.1,14.0,0.06,True
S02165,2026-03,B004,Finger,Mid-range,Bright,16.0,16.1,0.03,True
S02166,2025-12,B002,Finger,Low-end,Dim,20.9,20.7,0.21,True
S02167,2025-11,B048,Neck,Mid-range,Normal,348.1,344.8,3.31,True
S02168,2026-06,B047,Finger,High-end,Normal,16.5,16.8,0.32,True
S02169,2026-09,B039,Neck,Low-end,Dim,407.3,399.5,7.86,False
S02170,2026-08,B018,Wrist,Mid-range,Normal,157.2,157.7,0.5,True
S02171,2026-05,B039,Wrist,Low-end,Normal,160.7,162.2,1.48,True
S02172,2026-05,B037,Finger,Mid-range,Dim,14.8,14.6,0.23,True
S02173,2026-05,B048,Neck,Mid-range,Normal,387.1,388.0,0.93,True
S02174,2025-12,B014,Neck,Mid-range,Normal,365.7,368.6,2.92,True
S02175,2026-02,B037,Finger,Low-end,Dim,21.8,21.1,0.7,False
S02176,2026-04,B026,Wrist,Mid-range,Bright,182.3,181.5,0.72,True
S02177,2026-06,B003,Neck,Mid-range,Bright,400.1,395.7,4.38,True
S02178,2025-10,B045,Finger,Low-end,Bright,18.4,17.7,0.74,False
S02179,2026-08,B001,Wrist,Mid-range,Normal,159.9,162.4,2.55,True
S02180,2026-05,B004,Finger,High-end,Dim,17.6,17.9,0.28,True
S02181,2026-07,B015,Neck,Low-end,Dim,374.2,365.5,8.7,False
S02182,2026-08,B013,Finger,Low-end,Bright,15.6,15.8,0.17,True
S02183,2026-04,B027,Wrist,Mid-range,Bright,185.4,183.5,1.86,True
S02184,2026-01,B016,Wrist,High-end,Dim,163.3,164.2,0.95,True
S02185,2026-08,B022,Wrist,Low-end,Normal,175.2,176.2,0.92,True
S02186,2025-10,B009,Wrist,Mid-range,Normal,164.2,166.2,2.01,True
S02187,2026-04,B025,Wrist,Mid-range,Normal,186.7,187.0,0.28,True
S02188,2026-08,B048,Finger,Mid-range,Normal,20.2,20.4,0.19,True
S02189,2026-06,B039,Neck,Mid-range,Normal,371.6,370.0,1.64,True
S02190,2025-11,B033,Neck,Mid-range,Bright,410.9,411.1,0.17,True
S02191,2026-01,B041,Wrist,Mid-range,Normal,166.9,163.3,3.58,False
S02192,2026-04,B011,Neck,High-end,Dim,381.1,381.7,0.52,True
S02193,2026-08,B002,Finger,High-end,Normal,16.6,16.5,0.09,True
S02194,2025-10,B023,Wrist,Mid-range,Normal,159.1,160.8,1.74,True
S02195,2026-04,B020,Neck,High-end,Normal,400.6,403.7,3.08,True
S02196,2026-08,B044,Wrist,Low-end,Normal,159.1,161.5,2.35,True
S02197,2026-01,B034,Wrist,Mid-range,Normal,168.0,168.8,0.83,True
S02198,2025-12,B026,Finger,Mid-range,Normal,18.7,18.3,0.36,True
S02199,2026-07,B018,Wrist,Mid-range,Normal,166.4,169.1,2.73,True
S02200,2026-07,B031,Wrist,Low-end,Dim,153.1,154.9,1.8,True
S02201,2026-07,B018,Finger,High-end,Normal,20.1,20.4,0.22,True
S02202,2026-05,B030,Finger,Low-end,Normal,16.2,15.5,0.72,False
S02203,2026-06,B011,Wrist,Mid-range,Bright,181.6,181.9,0.23,True
S02204,2026-08,B027,Wrist,Low-end,Normal,184.1,179.9,4.27,False
S02205,2026-02,B026,Wrist,Mid-range,Dim,183.8,181.9,1.89,True
S02206,2026-07,B010,Wrist,Mid-range,Dim,179.0,180.5,1.49,True
S02207,2026-04,B040,Wrist,Low-end,Bright,189.5,186.3,3.22,False
S02208,2026-01,B038,Neck,High-end,Dim,398.5,399.1,0.58,True
S02209,2026-06,B007,Finger,Mid-range,Dim,22.0,22.3,0.27,True
S02210,2025-11,B007,Finger,Mid-range,Bright,21.8,21.7,0.08,True
S02211,2025-11,B031,Neck,High-end,Normal,353.4,352.8,0.55,True
S02212,2025-10,B039,Finger,Mid-range,Dim,19.2,19.5,0.24,True
S02213,2026-08,B019,Finger,Mid-range,Dim,15.0,14.3,0.63,False
S02214,2026-05,B032,Wrist,Low-end,Normal,185.8,185.5,0.25,True
S02215,2026-04,B023,Wrist,Mid-range,Normal,185.9,184.1,1.82,True
S02216,2026-07,B002,Wrist,High-end,Normal,157.9,158.1,0.27,True
S02217,2025-10,B011,Finger,Mid-range,Dim,14.4,14.3,0.11,True
S02218,2026-07,B016,Neck,High-end,Normal,392.5,391.1,1.38,True
S02219,2026-09,B012,Neck,High-end,Normal,406.0,407.3,1.22,True
S02220,2026-04,B036,Wrist,Low-end,Normal,157.4,157.3,0.1,True
S02221,2025-10,B016,Finger,High-end,Normal,14.4,14.5,0.15,True
S02222,2026-08,B042,Wrist,Low-end,Normal,164.8,167.5,2.73,True
S02223,2026-03,B026,Neck,High-end,Bright,366.9,365.8,1.04,True
S02224,2026-02,B008,Finger,High-end,Normal,17.9,18.1,0.23,True
S02225,2026-01,B027,Finger,Low-end,Dim,14.0,13.5,0.47,True
S02226,2025-10,B040,Neck,Mid-range,Bright,360.8,359.2,1.58,True
S02227,2026-06,B043,Neck,Mid-range,Normal,380.9,381.0,0.04,True
S02228,2026-08,B026,Finger,Low-end,Normal,14.7,14.5,0.28,True
S02229,2026-04,B030,Wrist,High-end,Normal,180.8,179.3,1.49,True
S02230,2026-07,B036,Finger,Low-end,Normal,21.1,19.8,1.22,False
S02231,2026-07,B011,Finger,Mid-range,Normal,18.3,18.4,0.03,True
S02232,2025-12,B012,Finger,Mid-range,Normal,16.1,15.6,0.56,False
S02233,2026-07,B025,Neck,Mid-range,Normal,408.2,403.6,4.56,True
S02234,2026-06,B047,Finger,Mid-range,Normal,14.9,14.4,0.44,True
S02235,2026-03,B002,Neck,Mid-range,Bright,379.3,382.3,2.98,True
S02236,2026-08,B017,Neck,High-end,Dim,417.2,415.7,1.54,True
S02237,2025-12,B029,Finger,High-end,Normal,14.4,13.8,0.51,False
S02238,2026-08,B004,Neck,High-end,Normal,335.9,333.4,2.47,True
S02239,2026-06,B011,Wrist,High-end,Normal,182.6,183.1,0.58,True
S02240,2026-07,B025,Neck,High-end,Dim,407.9,409.4,1.52,True
S02241,2025-12,B021,Finger,Low-end,Bright,18.0,18.3,0.29,True
S02242,2026-07,B034,Finger,Mid-range,Normal,22.0,22.3,0.34,True
S02243,2026-08,B002,Finger,High-end,Normal,15.8,15.6,0.12,True
S02244,2026-02,B048,Neck,High-end,Normal,378.4,378.8,0.39,True
S02245,2026-02,B027,Wrist,Mid-range,Normal,186.7,185.8,0.9,True
S02246,2026-06,B003,Wrist,Low-end,Bright,166.3,167.3,1.0,True
S02247,2025-10,B022,Wrist,Low-end,Bright,162.8,163.5,0.69,True
S02248,2026-09,B040,Finger,Low-end,Dim,14.7,15.6,0.88,False
S02249,2026-02,B010,Finger,Mid-range,Normal,19.8,20.5,0.76,False
S02250,2026-02,B011,Finger,High-end,Normal,18.4,18.7,0.33,True
S02251,2025-11,B031,Wrist,Mid-range,Normal,183.6,184.0,0.37,True
S02252,2026-02,B039,Finger,Low-end,Normal,15.9,16.4,0.48,True
S02253,2025-10,B032,Neck,Mid-range,Normal,364.4,364.4,0.02,True
S02254,2026-03,B042,Finger,Mid-range,Bright,15.8,16.1,0.31,True
S02255,2026-09,B016,Neck,High-end,Normal,383.2,386.8,3.61,True
S02256,2026-09,B015,Finger,Mid-range,Normal,14.4,14.9,0.51,False
S02257,2026-03,B003,Finger,Mid-range,Dim,14.6,15.0,0.33,True
S02258,2026-09,B013,Finger,Low-end,Bright,20.0,20.3,0.29,True
S02259,2025-11,B039,Finger,Mid-range,Normal,15.2,15.1,0.04,True
S02260,2026-06,B048,Finger,High-end,Normal,20.5,20.5,0.02,True
S02261,2026-05,B019,Finger,Mid-range,Bright,14.4,15.3,0.84,False
S02262,2026-06,B018,Wrist,Mid-range,Normal,161.7,162.5,0.79,True
S02263,2026-08,B042,Finger,High-end,Normal,18.3,18.1,0.2,True
S02264,2026-05,B025,Wrist,Low-end,Normal,155.2,157.9,2.75,True
S02265,2025-11,B028,Finger,Mid-range,Bright,19.7,19.5,0.27,True
S02266,2026-05,B029,Finger,Low-end,Dim,19.2,18.9,0.33,True
S02267,2026-04,B005,Finger,Mid-range,Normal,17.2,17.4,0.19,True
S02268,2026-08,B048,Finger,Mid-range,Normal,15.7,14.6,1.01,False
S02269,2026-03,B044,Finger,Mid-range,Normal,19.7,19.8,0.04,True
S02270,2026-09,B023,Wrist,Mid-range,Normal,152.0,148.8,3.18,False
S02271,2026-08,B001,Finger,Mid-range,Normal,14.7,14.6,0.1,True
S02272,2025-10,B029,Finger,High-end,Normal,20.5,20.7,0.28,True
S02273,2026-07,B046,Neck,Mid-range,Dim,399.4,400.7,1.3,True
S02274,2026-04,B012,Finger,Low-end,Normal,15.5,14.9,0.56,False
S02275,2026-03,B027,Finger,Mid-range,Normal,15.4,15.8,0.4,True
S02276,2025-10,B016,Wrist,Mid-range,Normal,165.7,166.9,1.19,True
S02277,2026-07,B016,Neck,Low-end,Normal,410.9,416.2,5.31,True
S02278,2025-11,B026,Finger,Mid-range,Dim,19.1,19.3,0.15,True
S02279,2026-02,B017,Finger,High-end,Dim,17.3,17.5,0.14,True
S02280,2026-01,B037,Wrist,High-end,Bright,164.5,165.9,1.46,True
S02281,2026-06,B037,Neck,High-end,Normal,382.2,380.9,1.27,True
S02282,2025-10,B044,Finger,Mid-range,Normal,14.0,13.7,0.29,True
S02283,2025-10,B008,Finger,Mid-range,Bright,19.4,19.6,0.22,True
S02284,2026-04,B034,Neck,Mid-range,Normal,352.4,351.2,1.23,True
S02285,2025-11,B037,Wrist,High-end,Normal,177.7,178.4,0.73,True
S02286,2026-09,B040,Neck,Low-end,Normal,335.6,326.3,9.29,False
S02287,2025-12,B033,Finger,Mid-range,Normal,21.1,21.1,0.01,True
S02288,2026-01,B009,Wrist,Mid-range,Normal,163.9,164.2,0.29,True
S02289,2026-08,B009,Neck,Low-end,Dim,378.7,379.7,0.95,True
S02290,2026-06,B009,Wrist,Mid-range,Normal,160.7,159.1,1.61,True
S02291,2026-06,B013,Neck,Mid-range,Normal,377.8,375.9,1.9,True
S02292,2026-02,B005,Neck,Mid-range,Normal,407.5,405.7,1.82,True
S02293,2025-11,B032,Finger,Mid-range,Bright,17.7,17.7,0.0,True
S02294,2026-07,B029,Wrist,High-end,Dim,182.9,182.9,0.07,True
S02295,2026-01,B017,Wrist,Mid-range,Dim,161.8,165.6,3.85,False
S02296,2026-08,B029,Wrist,Low-end,Normal,150.2,154.3,4.08,False
S02297,2025-12,B004,Finger,Mid-range,Bright,19.7,19.9,0.19,True
S02298,2025-11,B019,Finger,Mid-range,Normal,21.7,22.0,0.21,True
S02299,2026-05,B004,Wrist,Mid-range,Dim,173.1,169.9,3.19,False
S02300,2026-07,B012,Neck,Mid-range,Normal,349.8,350.2,0.41,True
S02301,2026-01,B044,Wrist,Mid-range,Normal,158.6,159.1,0.52,True
S02302,2026-02,B007,Finger,Mid-range,Normal,15.8,15.2,0.6,False
S02303,2026-04,B037,Finger,Mid-range,Normal,20.3,19.7,0.55,False
S02304,2026-02,B035,Neck,Low-end,Normal,384.3,391.0,6.72,False
S02305,2025-10,B014,Finger,Mid-range,Normal,19.9,20.7,0.83,False
S02306,2026-09,B027,Wrist,Mid-range,Normal,165.8,166.7,0.89,True
S02307,2025-10,B031,Finger,High-end,Normal,14.5,14.4,0.05,True
S02308,2026-03,B038,Finger,Mid-range,Normal,19.4,19.2,0.18,True
S02309,2026-03,B036,Wrist,Low-end,Normal,185.5,187.0,1.56,True
S02310,2026-06,B032,Finger,Mid-range,Normal,21.8,21.5,0.3,True
S02311,2025-10,B025,Finger,Mid-range,Normal,18.8,19.2,0.4,True
S02312,2025-10,B039,Wrist,High-end,Normal,185.1,183.5,1.61,True
S02313,2025-11,B017,Finger,Low-end,Normal,20.8,20.5,0.28,True
S02314,2026-09,B016,Wrist,High-end,Dim,153.9,152.6,1.35,True
S02315,2025-12,B003,Wrist,Mid-range,Bright,188.2,188.5,0.38,True
S02316,2025-10,B010,Finger,Mid-range,Normal,20.8,20.8,0.06,True
S02317,2026-06,B002,Finger,Mid-range,Dim,21.2,20.9,0.23,True
S02318,2025-10,B046,Wrist,High-end,Normal,189.5,189.5,0.02,True
S02319,2025-10,B030,Finger,High-end,Bright,19.0,18.9,0.02,True
S02320,2026-03,B011,Wrist,High-end,Normal,181.9,180.4,1.48,True
S02321,2026-02,B010,Neck,Mid-range,Normal,353.1,349.5,3.59,True
S02322,2026-04,B042,Neck,Low-end,Normal,388.8,393.7,4.95,True
S02323,2026-07,B027,Finger,Mid-range,Normal,20.2,19.8,0.39,True
S02324,2026-02,B013,Neck,Mid-range,Normal,380.8,381.9,1.05,True
S02325,2026-01,B037,Finger,Mid-range,Normal,21.1,21.4,0.27,True
S02326,2025-10,B032,Wrist,High-end,Bright,176.8,176.0,0.79,True
S02327,2026-08,B003,Wrist,Mid-range,Normal,180.1,179.9,0.25,True
S02328,2025-10,B013,Neck,Mid-range,Normal,376.9,374.4,2.5,True
S02329,2026-03,B047,Finger,Low-end,Bright,20.7,20.1,0.64,False
S02330,2026-06,B004,Finger,High-end,Normal,16.0,16.3,0.22,True
S02331,2026-08,B045,Finger,High-end,Normal,20.7,21.1,0.38,True
S02332,2026-04,B031,Finger,Mid-range,Normal,18.5,18.5,0.03,True
S02333,2025-10,B043,Finger,Mid-range,Normal,14.1,14.0,0.07,True
S02334,2026-08,B045,Finger,High-end,Dim,16.8,17.6,0.8,False
S02335,2026-03,B010,Neck,High-end,Normal,367.3,365.2,2.06,True
S02336,2025-11,B019,Finger,Mid-range,Bright,18.7,19.3,0.61,False
S02337,2026-02,B024,Wrist,High-end,Bright,163.0,161.9,1.13,True
S02338,2026-04,B033,Wrist,High-end,Normal,169.0,171.1,2.05,True
S02339,2026-06,B032,Finger,Mid-range,Normal,16.7,16.7,0.03,True
S02340,2025-11,B017,Finger,Mid-range,Bright,18.8,18.8,0.03,True
S02341,2026-06,B023,Finger,Mid-range,Normal,21.0,21.1,0.1,True
S02342,2026-09,B024,Finger,High-end,Normal,18.5,18.7,0.25,True
S02343,2026-01,B035,Wrist,Mid-range,Normal,177.5,179.0,1.56,True
S02344,2026-05,B033,Finger,Low-end,Dim,18.2,17.9,0.33,True
S02345,2026-05,B034,Neck,Mid-range,Dim,354.3,348.3,6.0,True
S02346,2026-07,B026,Wrist,Mid-range,Normal,154.0,150.5,3.5,False
S02347,2026-05,B021,Finger,Low-end,Normal,15.4,15.5,0.05,True
S02348,2026-03,B033,Wrist,High-end,Normal,161.6,160.7,0.97,True
S02349,2026-01,B033,Finger,Mid-range,Normal,20.6,20.3,0.24,True
S02350,2025-12,B003,Wrist,High-end,Normal,183.9,183.5,0.36,True
S02351,2026-01,B040,Neck,Mid-range,Normal,338.1,334.2,3.87,True
S02352,2026-04,B026,Neck,Low-end,Normal,415.7,419.9,4.23,True
S02353,2026-04,B007,Finger,High-end,Normal,18.5,18.7,0.26,True
S02354,2026-04,B048,Finger,High-end,Bright,20.1,20.0,0.05,True
S02355,2025-12,B004,Finger,Mid-range,Dim,17.7,17.5,0.16,True
S02356,2025-12,B035,Finger,Mid-range,Dim,20.8,20.3,0.5,True
S02357,2026-01,B007,Finger,High-end,Bright,15.7,16.0,0.33,True
S02358,2026-07,B019,Finger,Mid-range,Bright,15.4,15.8,0.43,True
S02359,2026-06,B003,Wrist,High-end,Normal,176.1,175.9,0.25,True
S02360,2026-02,B024,Neck,Mid-range,Normal,331.1,333.1,2.03,True
S02361,2026-07,B045,Finger,High-end,Normal,19.6,19.3,0.32,True
S02362,2025-10,B028,Wrist,Mid-range,Normal,160.6,160.1,0.53,True
S02363,2026-05,B023,Finger,High-end,Normal,16.3,16.6,0.3,True
S02364,2026-01,B032,Finger,Mid-range,Dim,20.8,20.7,0.11,True
S02365,2026-02,B009,Finger,Low-end,Normal,14.2,15.0,0.77,False
S02366,2026-01,B038,Finger,Mid-range,Normal,14.6,14.6,0.02,True
S02367,2026-04,B006,Finger,Mid-range,Normal,17.3,17.4,0.12,True
S02368,2025-12,B018,Wrist,Low-end,Dim,164.5,168.1,3.54,False
S02369,2025-11,B002,Finger,High-end,Normal,16.2,16.6,0.39,True
S02370,2026-09,B018,Finger,Mid-range,Normal,15.6,16.4,0.72,False
S02371,2026-02,B006,Finger,Low-end,Normal,20.4,20.5,0.1,True
S02372,2026-06,B029,Finger,Mid-range,Normal,19.0,18.8,0.18,True
S02373,2026-08,B022,Wrist,Mid-range,Normal,152.6,153.3,0.66,True
S02374,2026-09,B012,Wrist,Mid-range,Dim,172.8,180.2,7.48,False
S02375,2025-12,B043,Finger,Mid-range,Dim,16.6,16.8,0.27,True
S02376,2026-03,B046,Finger,Low-end,Normal,20.4,19.2,1.27,False
S02377,2025-12,B006,Neck,Mid-range,Normal,392.4,392.2,0.22,True
S02378,2026-02,B018,Finger,High-end,Dim,20.0,20.0,0.0,True
S02379,2025-11,B023,Finger,High-end,Dim,16.9,17.6,0.72,False
S02380,2026-03,B018,Wrist,High-end,Normal,189.4,191.8,2.44,True
S02381,2026-05,B038,Finger,High-end,Normal,20.2,20.3,0.13,True
S02382,2026-07,B032,Finger,Low-end,Normal,14.4,14.9,0.56,False
S02383,2026-04,B045,Wrist,High-end,Bright,175.7,175.3,0.35,True
S02384,2025-12,B030,Wrist,Low-end,Normal,189.4,191.3,1.93,True
S02385,2026-06,B045,Finger,Low-end,Bright,21.9,21.4,0.46,True
S02386,2026-09,B017,Neck,High-end,Normal,331.1,332.9,1.78,True
S02387,2026-07,B038,Neck,Low-end,Bright,337.2,335.9,1.29,True
S02388,2026-01,B009,Finger,High-end,Normal,17.9,18.1,0.28,True
S02389,2025-10,B014,Finger,Mid-range,Normal,20.3,19.8,0.48,True
S02390,2026-08,B027,Finger,Mid-range,Normal,16.7,16.8,0.17,True
S02391,2025-11,B046,Finger,Mid-range,Normal,16.9,16.5,0.41,True
S02392,2026-06,B018,Finger,Mid-range,Bright,14.7,15.0,0.33,True
S02393,2026-04,B032,Wrist,Mid-range,Normal,155.1,155.9,0.75,True
S02394,2026-04,B041,Finger,High-end,Normal,16.9,16.5,0.42,True
S02395,2025-11,B025,Wrist,High-end,Normal,189.0,187.0,1.94,True
S02396,2026-02,B035,Finger,Low-end,Dim,19.6,19.4,0.12,True
S02397,2026-05,B021,Finger,Mid-range,Normal,16.6,17.2,0.59,False
S02398,2026-02,B017,Wrist,Mid-range,Dim,153.0,154.0,0.99,True
S02399,2026-01,B016,Finger,High-end,Bright,20.1,19.9,0.19,True
S02400,2026-07,B012,Wrist,Mid-range,Bright,160.4,161.0,0.61,True
S02401,2026-03,B040,Finger,Mid-range,Dim,15.6,14.8,0.76,False
S02402,2025-12,B005,Neck,Low-end,Bright,379.7,386.1,6.38,False
S02403,2026-07,B030,Finger,Low-end,Dim,17.4,16.6,0.8,False
S02404,2026-01,B011,Finger,Low-end,Dim,14.1,13.7,0.42,True
S02405,2026-07,B048,Finger,High-end,Normal,14.8,15.2,0.4,True
S02406,2026-04,B004,Finger,Mid-range,Normal,20.9,20.8,0.12,True
S02407,2026-09,B014,Finger,Mid-range,Bright,20.6,20.2,0.35,True
S02408,2026-08,B033,Wrist,High-end,Normal,176.0,176.9,0.92,True
S02409,2026-05,B048,Finger,Mid-range,Normal,21.0,20.5,0.44,True
S02410,2026-03,B010,Finger,Mid-range,Normal,17.5,17.9,0.38,True
S02411,2026-07,B029,Wrist,Mid-range,Dim,166.2,166.9,0.77,True
S02412,2026-07,B037,Wrist,High-end,Normal,170.1,171.4,1.26,True
S02413,2026-08,B009,Neck,Low-end,Normal,355.9,361.7,5.75,True
S02414,2025-12,B018,Finger,Low-end,Bright,14.2,14.6,0.42,True
S02415,2025-12,B031,Finger,Low-end,Normal,20.1,20.4,0.31,True
S02416,2026-08,B022,Finger,Low-end,Normal,18.5,18.6,0.2,True
S02417,2026-02,B020,Wrist,Mid-range,Dim,152.2,151.7,0.49,True
S02418,2026-01,B047,Finger,Mid-range,Bright,16.2,16.6,0.4,True
S02419,2026-01,B021,Finger,Low-end,Bright,20.7,20.6,0.05,True
S02420,2026-09,B007,Finger,Mid-range,Normal,18.6,18.2,0.37,True
S02421,2025-12,B047,Finger,Mid-range,Normal,14.8,14.7,0.08,True
S02422,2026-01,B010,Neck,Low-end,Bright,360.9,366.7,5.83,True
S02423,2026-09,B021,Neck,High-end,Bright,385.3,383.3,1.9,True
S02424,2026-03,B038,Finger,Low-end,Dim,20.0,21.6,1.59,False
S02425,2025-12,B001,Wrist,Mid-range,Normal,182.1,178.6,3.5,False
S02426,2026-06,B014,Finger,High-end,Bright,15.7,15.6,0.07,True
S02427,2026-02,B034,Finger,Mid-range,Normal,18.0,18.3,0.31,True
S02428,2026-09,B021,Finger,Mid-range,Normal,19.7,20.3,0.58,False
S02429,2026-09,B022,Neck,Mid-range,Normal,411.0,409.0,2.04,True
S02430,2025-12,B019,Finger,Low-end,Bright,16.9,16.9,0.03,True
S02431,2025-11,B042,Finger,High-end,Dim,21.1,20.9,0.18,True
S02432,2025-12,B013,Finger,Mid-range,Dim,16.5,16.5,0.02,True
S02433,2025-12,B002,Wrist,Low-end,Normal,169.9,171.6,1.73,True
S02434,2025-10,B031,Neck,High-end,Dim,404.3,411.5,7.14,False
S02435,2026-09,B032,Wrist,Low-end,Normal,179.1,181.6,2.44,True
S02436,2026-09,B003,Finger,Mid-range,Bright,16.2,16.4,0.27,True
S02437,2025-12,B031,Neck,Mid-range,Normal,350.5,348.8,1.66,True
S02438,2026-08,B038,Finger,Mid-range,Bright,17.8,18.0,0.2,True
S02439,2026-02,B030,Wrist,High-end,Dim,168.2,169.3,1.08,True
S02440,2025-12,B015,Finger,Mid-range,Normal,20.2,19.8,0.31,True
S02441,2026-09,B009,Neck,Mid-range,Bright,330.7,332.2,1.48,True
S02442,2026-09,B009,Wrist,High-end,Dim,185.5,183.8,1.79,True
S02443,2026-02,B018,Wrist,Mid-range,Normal,186.5,187.2,0.67,True
S02444,2026-09,B003,Finger,Mid-range,Normal,18.2,18.6,0.39,True
S02445,2026-01,B022,Finger,Low-end,Normal,14.6,14.5,0.14,True
S02446,2026-07,B019,Finger,High-end,Normal,14.3,14.3,0.0,True
S02447,2026-05,B043,Finger,Mid-range,Normal,19.5,19.8,0.26,True
S02448,2026-03,B024,Finger,High-end,Bright,20.9,21.0,0.03,True
S02449,2026-04,B016,Finger,High-end,Normal,19.9,20.2,0.24,True
S02450,2025-11,B043,Wrist,High-end,Dim,152.6,154.3,1.73,True
S02451,2026-01,B016,Finger,Mid-range,Normal,20.4,20.5,0.06,True
S02452,2026-01,B033,Wrist,Mid-range,Dim,150.4,151.6,1.19,True
S02453,2025-12,B028,Wrist,High-end,Normal,174.5,176.1,1.62,True
S02454,2026-03,B034,Neck,Mid-range,Normal,341.7,346.6,4.93,True
S02455,2025-10,B006,Finger,High-end,Normal,21.9,21.9,0.01,True
S02456,2026-01,B008,Finger,Low-end,Normal,19.6,20.1,0.51,False
S02457,2026-04,B010,Finger,Mid-range,Normal,15.0,14.9,0.12,True
S02458,2026-06,B030,Finger,High-end,Normal,14.6,14.6,0.03,True
S02459,2026-02,B040,Finger,Mid-range,Dim,17.4,16.6,0.81,False
S02460,2026-02,B024,Finger,High-end,Normal,21.1,21.1,0.02,True
S02461,2026-05,B038,Finger,Low-end,Dim,15.5,15.4,0.09,True
S02462,2026-02,B037,Finger,Low-end,Normal,16.0,15.8,0.12,True
S02463,2026-08,B012,Wrist,Mid-range,Normal,158.1,160.6,2.56,True
S02464,2025-10,B042,Wrist,High-end,Normal,157.5,158.5,1.0,True
S02465,2026-01,B045,Neck,Mid-range,Normal,345.5,343.3,2.17,True
S02466,2026-02,B026,Finger,Mid-range,Dim,19.8,20.0,0.16,True
S02467,2026-01,B044,Neck,Mid-range,Dim,382.3,386.5,4.27,True
S02468,2026-06,B013,Finger,Low-end,Normal,15.0,16.0,0.99,False
S02469,2025-12,B032,Finger,High-end,Bright,19.3,19.4,0.16,True
S02470,2026-01,B038,Wrist,Mid-range,Normal,155.6,154.2,1.44,True
S02471,2025-12,B020,Finger,Mid-range,Dim,14.1,14.0,0.08,True
S02472,2026-07,B027,Finger,Low-end,Normal,17.4,17.6,0.18,True
S02473,2025-10,B035,Neck,Low-end,Normal,351.6,349.3,2.31,True
S02474,2026-08,B002,Finger,Mid-range,Dim,14.7,14.5,0.16,True
S02475,2025-11,B037,Finger,Low-end,Normal,21.3,20.8,0.46,True
S02476,2025-11,B039,Neck,Mid-range,Normal,366.8,365.9,0.96,True
S02477,2026-09,B024,Finger,Mid-range,Normal,19.7,19.1,0.62,False
S02478,2026-05,B003,Neck,High-end,Normal,397.4,397.7,0.26,True
S02479,2026-04,B035,Finger,Low-end,Dim,16.8,17.2,0.44,True
S02480,2025-12,B038,Finger,Mid-range,Normal,16.6,16.9,0.33,True
S02481,2026-07,B005,Neck,Low-end,Normal,406.5,413.6,7.03,False
S02482,2026-05,B041,Finger,Mid-range,Normal,19.1,18.7,0.42,True
S02483,2026-01,B018,Neck,Mid-range,Normal,413.0,416.2,3.22,True
S02484,2026-04,B020,Finger,Low-end,Normal,17.4,17.2,0.24,True
S02485,2026-09,B022,Neck,Low-end,Normal,381.7,376.3,5.38,True
S02486,2025-10,B025,Neck,Mid-range,Bright,399.8,399.8,0.0,True
S02487,2025-11,B040,Wrist,Mid-range,Bright,180.8,181.7,0.96,True
S02488,2026-02,B008,Finger,Mid-range,Normal,16.2,15.9,0.38,True
S02489,2026-08,B018,Finger,Mid-range,Normal,20.6,20.2,0.33,True
S02490,2026-01,B046,Wrist,Low-end,Dim,182.7,174.7,7.94,False
S02491,2025-11,B004,Wrist,Mid-range,Normal,170.2,168.6,1.65,True
S02492,2026-09,B014,Wrist,Mid-range,Dim,185.8,182.1,3.65,False
S02493,2026-02,B032,Wrist,High-end,Normal,174.6,176.1,1.54,True
S02494,2025-10,B029,Neck,Mid-range,Bright,350.0,344.7,5.2,True
S02495,2026-04,B021,Finger,High-end,Normal,17.3,17.3,0.01,True
S02496,2026-08,B016,Finger,Mid-range,Normal,16.6,16.8,0.16,True
S02497,2026-03,B048,Neck,High-end,Normal,337.2,338.2,1.07,True
S02498,2025-11,B037,Wrist,High-end,Normal,189.1,188.9,0.25,True
S02499,2026-05,B013,Neck,Mid-range,Bright,361.7,363.4,1.68,True
S02500,2026-08,B022,Neck,Mid-range,Normal,385.1,386.6,1.6,True
S02501,2026-02,B047,Finger,Mid-range,Bright,19.1,19.0,0.04,True
S02502,2025-11,B027,Wrist,Mid-range,Dim,153.6,153.5,0.11,True
S02503,2026-09,B039,Finger,Low-end,Normal,15.0,16.1,1.1,False
S02504,2026-02,B020,Wrist,High-end,Bright,157.0,156.5,0.51,True
S02505,2026-07,B045,Neck,Mid-range,Normal,412.7,411.9,0.84,True
S02506,2026-01,B044,Finger,Mid-range,Bright,21.7,21.5,0.11,True
S02507,2025-12,B042,Neck,Mid-range,Bright,402.1,402.8,0.73,True
S02508,2025-12,B046,Wrist,Low-end,Normal,167.3,168.9,1.52,True
S02509,2025-11,B035,Wrist,Mid-range,Normal,176.8,179.2,2.4,True
S02510,2026-04,B010,Wrist,Mid-range,Bright,186.0,187.5,1.49,True
S02511,2026-05,B036,Finger,Low-end,Normal,15.6,15.5,0.07,True
S02512,2026-03,B002,Neck,High-end,Bright,419.3,420.3,0.97,True
S02513,2026-06,B006,Finger,Mid-range,Normal,14.6,15.3,0.65,False
S02514,2026-08,B002,Finger,Mid-range,Normal,20.1,20.3,0.17,True
S02515,2026-05,B046,Finger,High-end,Normal,20.9,20.9,0.02,True
S02516,2026-09,B044,Wrist,Low-end,Normal,169.5,168.0,1.51,True
S02517,2026-05,B019,Finger,Mid-range,Normal,15.4,15.4,0.02,True
S02518,2025-12,B013,Wrist,High-end,Normal,176.1,176.6,0.44,True
S02519,2026-04,B001,Neck,High-end,Normal,362.2,359.6,2.55,True
S02520,2025-10,B038,Finger,Mid-range,Normal,21.7,22.0,0.32,True
S02521,2025-12,B028,Finger,High-end,Normal,16.5,16.5,0.07,True
S02522,2025-11,B031,Finger,Mid-range,Bright,17.0,17.5,0.42,True
S02523,2026-06,B004,Finger,Mid-range,Bright,19.6,19.9,0.34,True
S02524,2026-01,B007,Neck,High-end,Normal,374.6,375.4,0.78,True
S02525,2026-04,B012,Finger,High-end,Normal,14.6,14.8,0.28,True
S02526,2026-06,B008,Finger,Mid-range,Dim,14.5,14.9,0.42,True
S02527,2026-09,B034,Finger,Low-end,Dim,21.8,20.9,0.89,False
S02528,2025-12,B012,Finger,Low-end,Dim,16.8,18.5,1.73,False
S02529,2025-10,B013,Neck,Mid-range,Dim,409.3,413.3,3.99,True
S02530,2026-09,B006,Neck,High-end,Normal,413.8,413.5,0.26,True
S02531,2026-08,B016,Wrist,High-end,Normal,185.8,184.3,1.48,True
S02532,2025-12,B034,Finger,Low-end,Bright,18.1,18.3,0.19,True
S02533,2025-11,B004,Finger,Mid-range,Normal,14.1,14.1,0.01,True
S02534,2026-07,B041,Wrist,Mid-range,Normal,187.1,186.3,0.77,True
S02535,2026-05,B021,Wrist,High-end,Normal,175.4,176.3,0.89,True
S02536,2025-11,B028,Finger,Mid-range,Normal,15.2,14.6,0.57,False
S02537,2026-05,B021,Finger,Low-end,Dim,17.2,16.8,0.38,True
S02538,2026-05,B004,Finger,Mid-range,Normal,21.4,21.0,0.44,True
S02539,2026-01,B032,Wrist,High-end,Bright,188.2,188.8,0.59,True
S02540,2025-11,B034,Finger,Mid-range,Dim,14.1,14.6,0.43,True
S02541,2025-11,B027,Finger,High-end,Normal,17.9,17.9,0.04,True
S02542,2025-11,B017,Wrist,Mid-range,Normal,160.1,158.9,1.23,True
S02543,2026-09,B002,Finger,Low-end,Normal,17.1,17.1,0.01,True
S02544,2026-01,B021,Finger,High-end,Bright,20.6,20.9,0.33,True
S02545,2026-05,B040,Wrist,Mid-range,Normal,160.2,158.6,1.58,True
S02546,2026-06,B047,Wrist,Low-end,Normal,185.9,187.5,1.59,True
S02547,2026-06,B042,Wrist,Mid-range,Dim,176.2,179.7,3.52,False
S02548,2026-07,B008,Wrist,Mid-range,Normal,152.0,150.8,1.17,True
S02549,2026-06,B021,Finger,Low-end,Bright,16.4,16.2,0.28,True
S02550,2025-12,B044,Finger,Mid-range,Normal,20.7,21.1,0.36,True
S02551,2026-04,B027,Neck,Mid-range,Normal,330.1,328.7,1.44,True
S02552,2026-01,B024,Wrist,High-end,Dim,168.7,166.0,2.72,True
S02553,2026-03,B015,Finger,Mid-range,Normal,15.4,15.6,0.22,True
S02554,2026-05,B017,Finger,Low-end,Normal,14.9,14.8,0.12,True
S02555,2026-05,B025,Finger,High-end,Normal,17.8,17.9,0.13,True
S02556,2026-03,B014,Finger,Mid-range,Normal,17.3,17.1,0.18,True
S02557,2026-07,B014,Finger,Low-end,Normal,16.6,15.6,1.03,False
S02558,2026-04,B012,Wrist,High-end,Normal,152.1,152.6,0.49,True
S02559,2026-06,B045,Wrist,Mid-range,Normal,154.3,155.8,1.48,True
S02560,2026-03,B025,Finger,Mid-range,Normal,15.7,15.1,0.66,False
S02561,2025-12,B038,Wrist,Low-end,Dim,180.7,176.1,4.54,False
S02562,2026-07,B002,Wrist,Mid-range,Normal,176.9,174.6,2.25,True
S02563,2026-03,B014,Finger,High-end,Normal,19.8,19.4,0.4,True
S02564,2025-10,B040,Neck,Low-end,Normal,387.6,389.9,2.29,True
S02565,2025-10,B004,Wrist,Mid-range,Bright,153.6,154.2,0.51,True
S02566,2026-06,B004,Finger,Mid-range,Bright,18.3,17.9,0.38,True
S02567,2026-04,B037,Neck,Low-end,Normal,410.4,405.8,4.53,True
S02568,2026-04,B037,Wrist,Mid-range,Dim,180.6,182.2,1.59,True
S02569,2026-05,B039,Finger,Mid-range,Normal,14.9,14.7,0.2,True
S02570,2026-06,B026,Finger,High-end,Normal,14.9,15.4,0.54,False
S02571,2025-10,B019,Neck,Mid-range,Normal,334.4,336.2,1.79,True
S02572,2026-04,B014,Neck,Mid-range,Bright,413.0,411.7,1.25,True
S02573,2026-03,B022,Wrist,High-end,Normal,161.3,162.6,1.4,True
S02574,2025-11,B015,Finger,Mid-range,Dim,18.4,18.6,0.16,True
S02575,2025-12,B023,Finger,Mid-range,Bright,15.0,15.0,0.0,True
S02576,2026-08,B044,Wrist,Low-end,Bright,179.0,178.3,0.7,True
S02577,2026-01,B025,Finger,Mid-range,Bright,16.7,16.8,0.09,True
S02578,2026-08,B024,Finger,Mid-range,Normal,21.6,21.6,0.08,True
S02579,2025-10,B013,Finger,High-end,Normal,16.8,16.6,0.21,True
S02580,2026-08,B026,Neck,Mid-range,Normal,340.4,341.6,1.18,True
S02581,2026-09,B048,Finger,Low-end,Normal,22.0,21.7,0.33,True
S02582,2026-03,B005,Wrist,Low-end,Normal,188.3,182.8,5.49,False
S02583,2026-09,B005,Neck,High-end,Dim,388.0,394.5,6.49,False
S02584,2026-04,B039,Finger,High-end,Normal,16.3,16.1,0.13,True
S02585,2025-11,B001,Wrist,Low-end,Normal,182.7,182.8,0.11,True
S02586,2025-12,B025,Finger,Mid-range,Dim,21.8,22.1,0.29,True
S02587,2026-02,B011,Neck,High-end,Normal,342.5,339.9,2.68,True
S02588,2026-06,B043,Wrist,Low-end,Normal,187.4,183.9,3.5,False
S02589,2026-03,B045,Wrist,Low-end,Normal,169.0,171.5,2.49,True
S02590,2026-09,B033,Finger,Mid-range,Bright,19.1,18.8,0.37,True
S02591,2026-02,B017,Wrist,Low-end,Normal,187.7,188.5,0.83,True
S02592,2026-01,B028,Finger,Low-end,Normal,21.2,20.9,0.25,True
S02593,2025-10,B006,Finger,Mid-range,Normal,20.7,20.2,0.51,False
S02594,2026-05,B023,Finger,Low-end,Normal,19.4,19.6,0.19,True
S02595,2026-05,B028,Wrist,Mid-range,Bright,172.0,173.1,1.02,True
S02596,2026-02,B036,Neck,High-end,Bright,335.3,335.4,0.16,True
S02597,2026-06,B040,Wrist,Mid-range,Dim,160.6,160.2,0.4,True
S02598,2026-09,B020,Finger,Low-end,Normal,17.1,17.2,0.08,True
S02599,2026-05,B021,Wrist,High-end,Dim,159.7,158.8,0.84,True
S02600,2026-04,B029,Wrist,Mid-range,Bright,189.7,190.6,0.9,True
S02601,2025-11,B003,Finger,Mid-range,Normal,19.8,19.9,0.17,True
S02602,2026-05,B033,Neck,Mid-range,Dim,370.6,376.9,6.31,False
S02603,2026-09,B002,Neck,Mid-range,Bright,346.3,352.5,6.25,False
S02604,2026-03,B010,Finger,Mid-range,Normal,21.0,21.4,0.41,True
S02605,2026-03,B009,Finger,Mid-range,Normal,18.8,19.2,0.46,True
S02606,2026-01,B018,Finger,Mid-range,Normal,16.7,16.7,0.05,True
S02607,2025-10,B034,Wrist,Mid-range,Normal,163.7,162.2,1.49,True
S02608,2026-05,B030,Finger,Low-end,Bright,20.4,20.6,0.21,True
S02609,2025-12,B023,Neck,Mid-range,Normal,355.9,357.6,1.74,True
S02610,2026-09,B001,Finger,Mid-range,Normal,20.0,19.8,0.25,True
S02611,2026-09,B023,Finger,Low-end,Normal,17.6,17.7,0.11,True
S02612,2026-01,B025,Wrist,Low-end,Normal,167.3,163.8,3.54,False
S02613,2025-12,B021,Finger,Low-end,Bright,17.8,17.8,0.01,True
S02614,2026-04,B029,Finger,Mid-range,Normal,20.3,20.1,0.23,True
S02615,2026-02,B042,Wrist,Low-end,Dim,168.8,172.1,3.32,False
S02616,2026-04,B020,Wrist,Mid-range,Normal,153.4,154.4,0.91,True
S02617,2025-12,B010,Neck,Mid-range,Normal,408.2,408.4,0.18,True
S02618,2025-10,B021,Wrist,Low-end,Bright,187.1,185.5,1.58,True
S02619,2026-02,B013,Finger,Mid-range,Dim,17.6,17.6,0.05,True
S02620,2025-10,B020,Finger,Mid-range,Normal,14.6,14.6,0.06,True
S02621,2026-03,B022,Wrist,Low-end,Normal,176.6,176.7,0.05,True
S02622,2025-11,B037,Neck,Mid-range,Bright,382.1,379.3,2.86,True
S02623,2026-07,B046,Finger,High-end,Normal,20.9,20.9,0.07,True
S02624,2026-03,B013,Finger,Mid-range,Normal,17.4,17.7,0.32,True
S02625,2025-11,B030,Wrist,Low-end,Dim,174.2,170.5,3.7,False
S02626,2026-08,B036,Wrist,Mid-range,Dim,177.9,177.6,0.29,True
S02627,2026-07,B034,Finger,High-end,Bright,14.4,14.4,0.04,True
S02628,2025-11,B035,Neck,Mid-range,Normal,419.6,420.3,0.65,True
S02629,2025-11,B043,Finger,Mid-range,Normal,20.9,20.6,0.29,True
S02630,2025-11,B024,Finger,Mid-range,Dim,20.1,20.7,0.61,False
S02631,2026-04,B043,Finger,Mid-range,Normal,20.8,20.9,0.07,True
S02632,2026-01,B035,Finger,Mid-range,Normal,21.9,22.2,0.28,True
S02633,2026-07,B041,Finger,Low-end,Bright,16.7,17.4,0.66,False
S02634,2025-11,B003,Wrist,Mid-range,Normal,169.6,169.0,0.58,True
S02635,2026-05,B012,Finger,High-end,Normal,15.4,15.6,0.17,True
S02636,2025-10,B002,Neck,Low-end,Normal,400.1,403.2,3.13,True
S02637,2026-09,B035,Finger,Mid-range,Bright,16.1,15.8,0.27,True
S02638,2026-09,B042,Neck,Mid-range,Normal,395.2,395.6,0.42,True
S02639,2026-08,B022,Finger,Mid-range,Bright,14.8,14.8,0.01,True
S02640,2025-10,B041,Finger,Mid-range,Normal,17.4,17.4,0.03,True
S02641,2026-09,B022,Finger,Mid-range,Normal,16.8,17.5,0.72,False
S02642,2026-09,B045,Neck,Mid-range,Normal,336.4,336.6,0.24,True
S02643,2026-05,B022,Finger,Mid-range,Normal,17.8,17.9,0.18,True
S02644,2026-04,B025,Finger,Low-end,Dim,18.4,17.9,0.56,False
S02645,2025-10,B040,Wrist,Mid-range,Bright,168.8,167.8,1.0,True
S02646,2026-07,B028,Wrist,Mid-range,Dim,158.2,158.9,0.65,True
S02647,2025-11,B042,Wrist,Low-end,Normal,189.6,186.7,2.9,True
S02648,2025-10,B023,Wrist,Mid-range,Normal,181.7,181.3,0.4,True
S02649,2026-03,B013,Finger,Mid-range,Dim,14.6,13.9,0.65,False
S02650,2025-12,B008,Finger,Mid-range,Bright,16.2,16.0,0.19,True
S02651,2026-06,B004,Wrist,Low-end,Dim,180.5,180.5,0.02,True
S02652,2025-12,B017,Finger,Mid-range,Normal,14.0,14.5,0.42,True
S02653,2026-04,B020,Finger,High-end,Bright,20.8,20.5,0.23,True
S02654,2026-09,B035,Wrist,High-end,Normal,151.6,153.5,1.84,True
S02655,2026-04,B009,Finger,Low-end,Normal,18.5,18.7,0.19,True
S02656,2026-09,B046,Neck,Low-end,Dim,341.5,340.0,1.5,True
S02657,2026-03,B023,Finger,Mid-range,Normal,15.9,16.1,0.27,True
S02658,2026-08,B006,Wrist,Low-end,Normal,182.0,184.2,2.21,True
S02659,2026-08,B001,Wrist,High-end,Normal,150.5,151.1,0.59,True
S02660,2026-03,B031,Finger,Mid-range,Bright,19.9,19.6,0.34,True
S02661,2026-09,B024,Wrist,Mid-range,Dim,177.1,177.6,0.54,True
S02662,2025-10,B019,Neck,Mid-range,Normal,416.7,420.1,3.39,True
S02663,2025-11,B029,Neck,Mid-range,Normal,384.3,387.5,3.21,True
S02664,2025-10,B020,Wrist,High-end,Normal,174.5,174.4,0.19,True
S02665,2026-06,B005,Wrist,High-end,Normal,186.3,186.6,0.31,True
S02666,2026-03,B018,Finger,Low-end,Normal,18.8,18.9,0.12,True
S02667,2025-12,B026,Neck,Mid-range,Normal,359.8,361.7,1.9,True
S02668,2026-03,B010,Neck,Low-end,Dim,414.2,407.6,6.56,False
S02669,2025-11,B005,Finger,High-end,Bright,17.6,17.4,0.15,True
S02670,2026-02,B025,Finger,Low-end,Normal,17.8,18.5,0.65,False
S02671,2025-10,B039,Finger,Mid-range,Normal,18.5,18.2,0.34,True
S02672,2026-04,B036,Wrist,Mid-range,Normal,178.0,175.1,2.9,True
S02673,2025-10,B011,Finger,Low-end,Normal,14.3,15.0,0.69,False
S02674,2025-11,B034,Wrist,High-end,Dim,166.9,166.0,0.86,True
S02675,2026-07,B024,Finger,Mid-range,Normal,20.6,20.2,0.42,True
S02676,2026-04,B019,Wrist,Mid-range,Normal,173.3,173.6,0.28,True
S02677,2026-05,B027,Finger,High-end,Normal,19.7,19.9,0.21,True
S02678,2026-02,B029,Finger,Low-end,Normal,16.9,17.0,0.16,True
S02679,2026-03,B041,Neck,Mid-range,Dim,397.3,391.7,5.64,True
S02680,2026-06,B007,Finger,Low-end,Normal,18.4,18.4,0.01,True
S02681,2026-09,B021,Wrist,High-end,Bright,158.2,159.8,1.59,True
S02682,2026-09,B041,Finger,Mid-range,Normal,17.5,17.4,0.09,True
S02683,2026-08,B033,Finger,High-end,Normal,20.0,20.1,0.09,True
S02684,2026-05,B025,Finger,High-end,Normal,21.3,21.1,0.11,True
S02685,2026-06,B024,Finger,Low-end,Bright,16.1,16.0,0.14,True
S02686,2026-09,B019,Finger,High-end,Normal,21.2,21.2,0.01,True
S02687,2025-12,B033,Finger,Mid-range,Bright,21.5,21.1,0.46,True
S02688,2025-11,B028,Wrist,Mid-range,Normal,182.6,185.3,2.63,True
S02689,2026-09,B048,Wrist,High-end,Normal,151.3,152.0,0.7,True
S02690,2025-10,B021,Wrist,Mid-range,Dim,174.7,177.7,2.97,True
S02691,2026-03,B027,Neck,Mid-range,Normal,417.5,414.7,2.82,True
S02692,2025-12,B001,Neck,Mid-range,Normal,342.5,341.2,1.34,True
S02693,2026-07,B036,Neck,Mid-range,Normal,374.2,371.3,2.87,True
S02694,2025-12,B033,Finger,Mid-range,Normal,21.6,21.5,0.09,True
S02695,2026-04,B040,Finger,Mid-range,Bright,17.3,18.0,0.73,False
S02696,2026-08,B047,Wrist,Low-end,Normal,155.1,156.8,1.74,True
S02697,2026-09,B041,Neck,Mid-range,Normal,352.1,352.6,0.5,True
S02698,2026-07,B038,Finger,Mid-range,Bright,20.4,20.4,0.02,True
S02699,2026-01,B035,Wrist,Low-end,Normal,176.3,177.0,0.69,True
S02700,2025-12,B007,Finger,High-end,Bright,20.9,20.8,0.13,True
S02701,2026-07,B027,Finger,Low-end,Normal,17.2,15.6,1.54,False
S02702,2025-11,B029,Finger,High-end,Normal,17.3,17.1,0.28,True
S02703,2026-07,B005,Finger,High-end,Normal,15.0,15.0,0.02,True
S02704,2026-08,B017,Neck,High-end,Normal,374.9,375.9,0.99,True
S02705,2026-07,B013,Finger,Mid-range,Dim,14.1,13.0,1.13,False
S02706,2026-09,B034,Finger,High-end,Normal,21.1,21.5,0.42,True
S02707,2025-10,B037,Finger,Mid-range,Dim,16.6,16.1,0.51,False
S02708,2025-11,B031,Finger,Mid-range,Bright,20.0,20.3,0.29,True
S02709,2026-08,B009,Neck,High-end,Normal,366.0,368.2,2.25,True
S02710,2026-07,B046,Finger,Mid-range,Normal,19.2,19.2,0.05,True
S02711,2025-11,B044,Finger,Mid-range,Normal,19.2,18.7,0.55,False
S02712,2026-05,B009,Neck,Low-end,Normal,392.3,400.8,8.51,False
S02713,2026-01,B026,Finger,Low-end,Bright,14.2,14.9,0.66,False
S02714,2026-03,B022,Neck,High-end,Normal,394.2,395.1,0.87,True
S02715,2026-02,B009,Finger,Mid-range,Normal,20.8,20.2,0.6,False
S02716,2026-03,B048,Finger,Low-end,Bright,18.1,17.7,0.41,True
S02717,2026-05,B022,Wrist,High-end,Normal,154.7,155.0,0.24,True
S02718,2026-07,B020,Finger,High-end,Normal,16.1,16.3,0.24,True
S02719,2026-08,B003,Neck,Mid-range,Dim,354.3,348.7,5.65,True
S02720,2025-10,B009,Neck,High-end,Dim,359.7,357.8,1.84,True
S02721,2025-10,B004,Wrist,Mid-range,Dim,169.4,173.4,4.0,False
S02722,2026-02,B046,Wrist,High-end,Normal,151.2,151.6,0.45,True
S02723,2026-08,B027,Wrist,Low-end,Normal,152.9,152.4,0.49,True
S02724,2026-08,B009,Finger,Mid-range,Dim,20.0,20.7,0.7,False
S02725,2026-07,B022,Wrist,High-end,Bright,164.6,166.8,2.12,True
S02726,2025-11,B037,Neck,Mid-range,Normal,390.9,392.7,1.84,True
S02727,2026-02,B024,Finger,High-end,Dim,18.3,18.0,0.36,True
S02728,2026-09,B030,Finger,Low-end,Normal,17.6,17.1,0.51,False
S02729,2026-06,B025,Finger,Low-end,Dim,15.7,14.7,1.03,False
S02730,2025-11,B005,Finger,Mid-range,Bright,21.6,21.2,0.34,True
S02731,2026-06,B036,Neck,Low-end,Dim,391.5,388.0,3.44,True
S02732,2026-03,B002,Finger,High-end,Dim,17.5,17.7,0.2,True
S02733,2025-10,B018,Finger,Low-end,Normal,18.9,19.3,0.37,True
S02734,2026-02,B025,Neck,Low-end,Normal,362.9,367.7,4.81,True
S02735,2026-03,B028,Neck,Mid-range,Normal,376.2,371.1,5.05,True
S02736,2025-10,B010,Finger,Mid-range,Bright,17.1,16.0,1.1,False
S02737,2026-01,B036,Wrist,Mid-range,Normal,169.7,170.0,0.25,True
S02738,2026-04,B028,Wrist,Low-end,Normal,159.9,162.4,2.49,True
S02739,2026-09,B021,Wrist,Mid-range,Normal,169.1,168.8,0.33,True
S02740,2026-01,B024,Finger,Mid-range,Bright,21.3,21.0,0.31,True
S02741,2026-02,B034,Wrist,Mid-range,Normal,175.0,177.4,2.39,True
S02742,2026-02,B035,Neck,Mid-range,Normal,412.3,413.2,0.95,True
S02743,2025-11,B015,Neck,Mid-range,Dim,368.0,366.8,1.25,True
S02744,2026-06,B046,Wrist,Mid-range,Bright,170.0,172.3,2.27,True
S02745,2026-06,B024,Finger,Mid-range,Bright,16.0,15.9,0.13,True
S02746,2025-10,B023,Wrist,Low-end,Normal,162.1,161.6,0.5,True
S02747,2025-12,B029,Finger,Mid-range,Normal,20.8,20.9,0.07,True
S02748,2026-01,B003,Wrist,Low-end,Normal,161.7,164.8,3.06,False
S02749,2026-02,B028,Finger,Mid-range,Bright,17.9,18.5,0.61,False
S02750,2026-03,B031,Finger,Low-end,Dim,17.4,16.7,0.65,False
S02751,2026-05,B019,Wrist,High-end,Dim,178.4,180.5,2.05,True
S02752,2026-02,B038,Finger,Mid-range,Normal,21.4,21.4,0.0,True
S02753,2026-01,B024,Wrist,Low-end,Normal,177.2,179.5,2.33,True
S02754,2026-07,B002,Wrist,High-end,Normal,172.0,172.9,0.9,True
S02755,2025-12,B025,Wrist,High-end,Normal,171.5,170.8,0.74,True
S02756,2026-06,B025,Finger,Mid-range,Dim,16.4,16.1,0.32,True
S02757,2025-12,B043,Wrist,High-end,Normal,182.6,181.2,1.36,True
S02758,2026-01,B020,Finger,Mid-range,Bright,21.9,21.9,0.06,True
S02759,2025-12,B032,Finger,Mid-range,Normal,16.3,16.8,0.49,True
S02760,2026-05,B010,Finger,Low-end,Dim,18.9,19.7,0.79,False
S02761,2026-09,B011,Wrist,High-end,Bright,157.0,157.9,0.89,True
S02762,2026-07,B042,Wrist,High-end,Bright,168.9,168.5,0.37,True
S02763,2026-06,B031,Finger,High-end,Dim,15.2,14.9,0.34,True
S02764,2026-07,B043,Finger,Mid-range,Normal,20.1,20.0,0.07,True
S02765,2025-10,B008,Wrist,High-end,Bright,177.4,177.4,0.04,True
S02766,2026-09,B008,Finger,Mid-range,Bright,15.3,14.9,0.47,True
S02767,2026-02,B007,Neck,High-end,Normal,387.0,388.7,1.71,True
S02768,2026-07,B020,Wrist,Mid-range,Bright,160.0,157.6,2.42,True
S02769,2026-01,B039,Neck,High-end,Normal,347.8,350.8,2.95,True
S02770,2026-02,B013,Finger,Mid-range,Dim,17.3,17.0,0.33,True
S02771,2025-11,B048,Wrist,High-end,Dim,188.9,188.7,0.18,True
S02772,2026-01,B023,Finger,Low-end,Normal,21.8,21.3,0.42,True
S02773,2025-12,B003,Finger,High-end,Normal,20.3,20.5,0.22,True
S02774,2026-06,B039,Finger,High-end,Normal,14.7,14.8,0.09,True
S02775,2026-04,B018,Finger,Low-end,Normal,15.8,15.3,0.49,True
S02776,2026-07,B041,Wrist,High-end,Dim,183.1,182.4,0.7,True
S02777,2025-12,B003,Wrist,Mid-range,Bright,174.6,173.0,1.61,True
S02778,2026-07,B029,Finger,Mid-range,Normal,15.3,15.6,0.21,True
S02779,2025-11,B020,Finger,High-end,Normal,17.3,17.3,0.03,True
S02780,2025-10,B047,Wrist,Low-end,Dim,169.3,172.5,3.24,False
S02781,2026-09,B031,Wrist,Low-end,Normal,184.9,191.7,6.84,False
S02782,2025-10,B011,Finger,Mid-range,Dim,14.0,13.7,0.35,True
S02783,2026-04,B033,Wrist,Mid-range,Normal,155.1,154.7,0.38,True
S02784,2026-06,B004,Wrist,Low-end,Normal,170.6,173.8,3.19,False
S02785,2026-07,B034,Neck,Mid-range,Bright,397.0,397.0,0.04,True
S02786,2026-09,B029,Finger,Mid-range,Normal,17.2,16.6,0.61,False
S02787,2026-07,B017,Neck,Mid-range,Dim,342.8,336.4,6.46,False
S02788,2026-08,B012,Finger,Mid-range,Normal,18.4,18.4,0.02,True
S02789,2026-06,B027,Wrist,Low-end,Normal,158.2,157.3,0.89,True
S02790,2026-07,B029,Finger,High-end,Dim,17.7,18.5,0.76,False
S02791,2025-10,B030,Finger,Mid-range,Normal,18.3,18.2,0.07,True
S02792,2025-10,B012,Wrist,Mid-range,Dim,155.1,154.5,0.59,True
S02793,2025-12,B009,Finger,Mid-range,Normal,15.6,15.1,0.53,False
S02794,2025-12,B030,Finger,Mid-range,Normal,17.3,16.9,0.41,True
S02795,2026-09,B006,Finger,High-end,Normal,21.1,21.1,0.0,True
S02796,2025-12,B037,Finger,Mid-range,Normal,21.8,21.9,0.15,True
S02797,2026-02,B032,Finger,High-end,Normal,20.7,20.8,0.13,True
S02798,2026-03,B036,Wrist,Mid-range,Normal,179.8,177.2,2.59,True
S02799,2026-01,B028,Neck,Mid-range,Dim,334.4,334.7,0.22,True
S02800,2026-04,B024,Finger,High-end,Normal,17.4,17.1,0.29,True
S02801,2025-11,B034,Wrist,Low-end,Dim,157.4,155.3,2.1,True
S02802,2026-07,B016,Neck,Mid-range,Bright,367.3,367.6,0.31,True
S02803,2025-11,B012,Finger,High-end,Normal,14.4,14.3,0.16,True
S02804,2026-07,B045,Finger,Mid-range,Normal,16.0,16.1,0.14,True
S02805,2025-11,B023,Wrist,High-end,Normal,180.1,180.0,0.06,True
S02806,2026-04,B028,Finger,Mid-range,Dim,16.3,15.4,0.9,False
S02807,2026-09,B037,Finger,High-end,Normal,16.7,16.7,0.0,True
S02808,2026-05,B008,Finger,Mid-range,Normal,19.8,19.3,0.45,True
S02809,2026-07,B019,Wrist,High-end,Normal,154.5,154.4,0.14,True
S02810,2026-06,B015,Finger,Low-end,Normal,21.5,21.5,0.07,True
S02811,2026-02,B035,Wrist,Mid-range,Normal,175.4,175.8,0.42,True
S02812,2025-12,B024,Wrist,Mid-range,Bright,160.7,162.3,1.59,True
S02813,2026-06,B017,Wrist,High-end,Bright,159.6,159.8,0.27,True
S02814,2026-04,B023,Wrist,Mid-range,Normal,179.8,181.0,1.23,True
S02815,2026-07,B044,Finger,Low-end,Normal,16.5,16.8,0.38,True
S02816,2025-12,B026,Finger,High-end,Normal,14.7,14.6,0.1,True
S02817,2026-02,B020,Wrist,Mid-range,Normal,175.7,174.5,1.17,True
S02818,2026-03,B026,Finger,High-end,Dim,21.3,20.8,0.43,True
S02819,2025-10,B023,Finger,Low-end,Bright,15.2,16.0,0.71,False
S02820,2026-05,B028,Neck,High-end,Normal,401.2,400.2,1.05,True
S02821,2025-10,B021,Neck,High-end,Normal,375.5,377.4,1.87,True
S02822,2026-02,B021,Neck,Mid-range,Bright,403.4,400.2,3.2,True
S02823,2026-05,B038,Neck,Mid-range,Bright,374.8,379.0,4.29,True
S02824,2025-12,B026,Neck,Mid-range,Normal,358.6,360.9,2.28,True
S02825,2026-06,B024,Finger,Mid-range,Normal,17.5,18.1,0.57,False
S02826,2026-01,B033,Wrist,Mid-range,Bright,174.1,172.0,2.03,True
S02827,2026-04,B026,Finger,Mid-range,Normal,17.9,17.9,0.09,True
S02828,2026-04,B044,Neck,High-end,Normal,366.5,365.4,1.16,True
S02829,2026-01,B007,Finger,Mid-range,Normal,15.4,15.8,0.4,True
S02830,2025-11,B024,Neck,Mid-range,Normal,351.2,353.0,1.83,True
S02831,2026-08,B018,Wrist,High-end,Normal,185.9,186.0,0.13,True
S02832,2025-10,B031,Wrist,High-end,Normal,166.2,165.8,0.39,True
S02833,2026-07,B034,Finger,Low-end,Normal,19.4,19.5,0.1,True
S02834,2026-08,B016,Finger,Low-end,Normal,16.2,15.8,0.47,True
S02835,2025-12,B020,Wrist,Low-end,Normal,177.7,176.4,1.25,True
S02836,2026-05,B038,Finger,Low-end,Bright,14.2,13.3,0.9,False
S02837,2026-04,B035,Finger,High-end,Bright,17.6,17.7,0.1,True
S02838,2026-03,B022,Finger,Low-end,Dim,20.2,19.8,0.37,True
S02839,2026-05,B027,Finger,Mid-range,Normal,18.5,19.3,0.8,False
S02840,2026-06,B039,Wrist,High-end,Dim,174.6,175.3,0.6,True
S02841,2026-02,B044,Finger,Mid-range,Normal,16.4,16.2,0.11,True
S02842,2025-10,B045,Neck,High-end,Normal,392.4,390.7,1.7,True
S02843,2025-10,B042,Wrist,High-end,Normal,167.3,167.2,0.09,True
S02844,2026-01,B019,Finger,High-end,Normal,16.2,16.2,0.03,True
S02845,2026-05,B040,Finger,Mid-range,Normal,14.0,13.6,0.37,True
S02846,2026-04,B010,Finger,High-end,Normal,15.8,15.7,0.04,True
S02847,2025-11,B004,Wrist,Low-end,Bright,183.1,181.7,1.37,True
S02848,2026-04,B026,Finger,Low-end,Bright,18.3,18.4,0.09,True
S02849,2025-10,B009,Finger,Mid-range,Normal,21.9,21.5,0.37,True
S02850,2025-10,B018,Finger,High-end,Normal,16.1,15.8,0.34,True
S02851,2025-12,B036,Finger,High-end,Normal,16.5,16.7,0.13,True
S02852,2026-08,B025,Wrist,Mid-range,Dim,167.3,172.3,4.96,False
S02853,2026-08,B037,Neck,Mid-range,Normal,374.7,379.3,4.61,True
S02854,2026-02,B009,Finger,Low-end,Bright,18.0,17.3,0.71,False
S02855,2026-05,B004,Finger,Mid-range,Normal,14.0,14.2,0.18,True
S02856,2026-05,B037,Neck,Low-end,Dim,347.2,340.9,6.26,False
S02857,2025-10,B037,Wrist,High-end,Normal,182.6,182.5,0.07,True
S02858,2026-06,B041,Neck,High-end,Dim,342.3,337.8,4.47,True
S02859,2026-08,B016,Wrist,High-end,Dim,174.5,178.2,3.69,False
S02860,2025-12,B002,Wrist,Mid-range,Normal,182.1,184.5,2.49,True
S02861,2026-04,B039,Neck,Low-end,Normal,339.5,335.8,3.75,True
S02862,2026-08,B016,Finger,Mid-range,Bright,20.7,20.5,0.27,True
S02863,2026-05,B014,Wrist,Low-end,Bright,160.9,160.6,0.31,True
S02864,2026-03,B046,Neck,Mid-range,Dim,369.5,370.7,1.2,True
S02865,2026-07,B001,Wrist,High-end,Bright,186.5,186.4,0.06,True
S02866,2026-02,B006,Finger,High-end,Normal,19.4,19.4,0.0,True
S02867,2026-05,B010,Finger,High-end,Dim,15.7,15.6,0.05,True
S02868,2025-12,B037,Finger,Mid-range,Normal,15.1,15.4,0.31,True
S02869,2026-04,B042,Neck,Mid-range,Normal,410.8,412.8,2.01,True
S02870,2026-02,B044,Neck,Low-end,Normal,383.3,375.2,8.19,False
S02871,2025-11,B043,Finger,Mid-range,Normal,17.0,17.2,0.2,True
S02872,2025-11,B045,Neck,Mid-range,Dim,362.3,367.3,4.94,True
S02873,2025-10,B025,Finger,Mid-range,Normal,16.6,16.6,0.01,True
S02874,2025-11,B006,Finger,High-end,Normal,19.9,19.7,0.18,True
S02875,2026-05,B033,Neck,Mid-range,Normal,334.3,336.3,2.03,True
S02876,2026-08,B037,Wrist,Mid-range,Normal,158.5,160.5,1.96,True
S02877,2026-07,B006,Finger,High-end,Normal,20.6,20.6,0.01,True
S02878,2026-08,B016,Neck,Mid-range,Dim,413.7,419.5,5.77,True
S02879,2026-09,B010,Wrist,Mid-range,Dim,188.2,192.2,3.99,False
S02880,2026-01,B010,Finger,Mid-range,Normal,21.3,21.5,0.21,True
S02881,2026-06,B003,Finger,High-end,Bright,21.4,21.5,0.11,True
S02882,2026-01,B045,Wrist,Mid-range,Normal,154.1,151.0,3.09,False
S02883,2025-10,B024,Neck,High-end,Normal,412.8,413.0,0.24,True
S02884,2025-10,B014,Finger,High-end,Normal,18.5,18.5,0.02,True
S02885,2026-04,B038,Neck,High-end,Dim,413.4,415.4,2.01,True
S02886,2026-06,B039,Finger,Mid-range,Normal,16.7,17.1,0.38,True
S02887,2026-07,B008,Wrist,Mid-range,Normal,170.5,169.2,1.38,True
S02888,2026-06,B042,Neck,Low-end,Normal,339.3,346.4,7.06,False
S02889,2025-12,B024,Wrist,Mid-range,Dim,164.3,164.4,0.08,True
S02890,2026-01,B036,Wrist,Mid-range,Normal,167.4,168.1,0.79,True
S02891,2025-10,B034,Finger,High-end,Dim,21.5,21.2,0.33,True
S02892,2025-10,B042,Finger,Low-end,Normal,16.5,15.8,0.67,False
S02893,2026-01,B039,Neck,Mid-range,Bright,419.9,415.6,4.35,True
S02894,2026-06,B010,Finger,Mid-range,Normal,21.3,21.2,0.13,True
S02895,2025-11,B016,Finger,Mid-range,Bright,15.8,15.7,0.18,True
S02896,2026-04,B040,Finger,High-end,Bright,18.3,18.0,0.3,True
S02897,2026-01,B033,Neck,Mid-range,Bright,407.0,407.6,0.52,True
S02898,2025-11,B033,Neck,Mid-range,Normal,417.4,416.4,1.09,True
S02899,2026-03,B030,Neck,High-end,Normal,385.9,387.9,1.92,True
S02900,2026-06,B045,Wrist,Mid-range,Normal,161.8,161.7,0.07,True
S02901,2025-10,B028,Neck,Mid-range,Normal,369.8,365.5,4.3,True
S02902,2025-11,B026,Finger,Low-end,Normal,14.2,15.1,0.87,False
S02903,2026-05,B022,Finger,High-end,Normal,17.9,17.8,0.11,True
S02904,2026-06,B009,Finger,Low-end,Normal,15.8,15.9,0.14,True
S02905,2026-04,B004,Finger,Low-end,Normal,17.0,17.3,0.26,True
S02906,2026-01,B005,Neck,Mid-range,Normal,392.6,392.1,0.52,True
S02907,2025-10,B030,Finger,Mid-range,Bright,14.2,13.9,0.31,True
S02908,2026-01,B048,Finger,Low-end,Bright,21.0,20.2,0.76,False
S02909,2026-07,B037,Finger,High-end,Normal,19.2,18.9,0.28,True
S02910,2026-09,B022,Wrist,High-end,Normal,159.6,159.6,0.05,True
S02911,2026-01,B018,Finger,Mid-range,Normal,18.6,18.8,0.15,True
S02912,2026-03,B031,Finger,Low-end,Normal,14.8,15.5,0.67,False
S02913,2026-09,B025,Finger,Mid-range,Normal,17.5,18.6,1.04,False
S02914,2026-09,B033,Finger,Mid-range,Normal,21.6,21.5,0.04,True
S02915,2026-06,B039,Neck,Mid-range,Normal,392.1,394.5,2.46,True
S02916,2026-06,B006,Finger,Mid-range,Bright,21.0,21.4,0.45,True
S02917,2026-04,B034,Neck,High-end,Dim,386.3,389.7,3.4,True
S02918,2026-02,B037,Wrist,Mid-range,Dim,179.2,176.4,2.87,True
S02919,2026-06,B016,Finger,High-end,Normal,20.3,20.6,0.23,True
S02920,2026-02,B026,Finger,Mid-range,Dim,19.1,19.3,0.25,True
S02921,2025-11,B035,Finger,Mid-range,Bright,19.3,19.6,0.28,True
S02922,2025-10,B035,Finger,Low-end,Bright,21.4,21.0,0.37,True
S02923,2026-09,B025,Wrist,Mid-range,Normal,185.5,185.3,0.26,True
S02924,2026-09,B025,Finger,Low-end,Dim,15.9,17.2,1.38,False
S02925,2026-05,B042,Finger,High-end,Normal,15.9,16.0,0.08,True
S02926,2026-01,B048,Finger,Mid-range,Dim,20.8,21.5,0.76,False
S02927,2025-12,B038,Wrist,High-end,Normal,163.6,163.1,0.45,True
S02928,2026-06,B037,Wrist,Mid-range,Dim,155.9,155.2,0.73,True
S02929,2026-09,B002,Wrist,Low-end,Normal,163.1,159.2,3.87,False
S02930,2026-08,B014,Finger,Low-end,Bright,15.2,14.9,0.31,True
S02931,2026-03,B034,Wrist,High-end,Bright,173.3,171.5,1.85,True
S02932,2026-09,B010,Neck,Mid-range,Normal,407.7,406.7,0.96,True
S02933,2026-01,B016,Finger,Low-end,Normal,17.9,17.5,0.4,True
S02934,2025-11,B021,Wrist,Low-end,Bright,168.6,167.5,1.1,True
S02935,2026-02,B033,Wrist,Mid-range,Dim,183.5,185.9,2.47,True
S02936,2026-09,B015,Finger,High-end,Dim,16.2,16.6,0.34,True
S02937,2025-12,B027,Neck,Low-end,Normal,390.1,387.1,3.02,True
S02938,2025-12,B002,Neck,Mid-range,Normal,389.3,396.7,7.33,False
S02939,2025-11,B045,Neck,Mid-range,Bright,411.9,412.2,0.32,True
S02940,2025-12,B008,Finger,Mid-range,Normal,18.4,17.8,0.56,False
S02941,2026-06,B015,Finger,Mid-range,Normal,18.3,18.4,0.15,True
S02942,2026-07,B027,Neck,Mid-range,Normal,389.0,389.4,0.39,True
S02943,2026-03,B023,Neck,Low-end,Dim,361.6,347.5,14.11,False
S02944,2025-10,B034,Finger,Mid-range,Normal,18.9,19.0,0.17,True
S02945,2026-07,B037,Neck,Mid-range,Dim,348.6,354.0,5.42,True
S02946,2025-10,B031,Finger,High-end,Normal,16.2,16.3,0.11,True
S02947,2026-02,B042,Neck,Mid-range,Normal,397.4,402.1,4.61,True
S02948,2025-12,B033,Neck,Low-end,Normal,370.3,368.2,2.17,True
S02949,2026-07,B010,Finger,Mid-range,Normal,21.5,20.7,0.86,False
S02950,2025-11,B014,Finger,High-end,Normal,19.6,19.3,0.24,True
S02951,2025-12,B018,Finger,Mid-range,Normal,16.7,16.6,0.17,True
S02952,2025-10,B013,Wrist,Mid-range,Normal,188.2,188.6,0.4,True
S02953,2026-05,B021,Neck,High-end,Normal,338.3,334.4,3.9,True
S02954,2026-05,B045,Wrist,High-end,Bright,162.7,164.7,2.0,True
S02955,2025-12,B007,Finger,Mid-range,Dim,14.1,14.6,0.48,True
S02956,2026-03,B005,Finger,High-end,Normal,15.3,15.6,0.27,True
S02957,2026-03,B002,Finger,Mid-range,Normal,18.2,17.9,0.24,True
S02958,2026-08,B046,Finger,Mid-range,Normal,15.5,15.2,0.25,True
S02959,2026-05,B045,Wrist,Mid-range,Normal,181.9,180.7,1.14,True
S02960,2025-10,B014,Wrist,High-end,Bright,182.4,182.0,0.43,True
S02961,2026-09,B027,Wrist,High-end,Bright,163.4,163.0,0.41,True
S02962,2026-09,B004,Finger,High-end,Dim,20.8,20.3,0.5,True
S02963,2026-04,B023,Finger,Mid-range,Normal,18.5,18.5,0.07,True
S02964,2026-07,B021,Neck,Mid-range,Bright,366.8,363.1,3.74,True
S02965,2026-07,B015,Finger,Mid-range,Normal,17.9,17.6,0.31,True
S02966,2026-05,B031,Wrist,Mid-range,Bright,180.9,181.1,0.13,True
S02967,2026-04,B013,Finger,Mid-range,Normal,21.3,21.4,0.09,True
S02968,2026-01,B019,Finger,High-end,Bright,16.8,16.6,0.16,True
S02969,2026-06,B035,Neck,Low-end,Normal,401.1,408.5,7.45,False
S02970,2026-07,B047,Finger,Low-end,Normal,17.3,17.1,0.18,True
S02971,2026-05,B009,Wrist,Mid-range,Dim,167.4,167.5,0.14,True
S02972,2026-04,B006,Wrist,High-end,Normal,185.2,187.9,2.69,True
S02973,2026-09,B023,Neck,Low-end,Dim,385.6,386.1,0.54,True
S02974,2026-08,B028,Finger,Mid-range,Normal,15.9,15.9,0.03,True
S02975,2025-12,B002,Wrist,High-end,Normal,179.4,179.7,0.27,True
S02976,2026-09,B044,Wrist,Mid-range,Dim,183.8,187.6,3.78,False
S02977,2026-08,B022,Finger,Low-end,Dim,20.1,19.5,0.62,False
S02978,2025-12,B027,Wrist,High-end,Dim,171.5,171.4,0.1,True
S02979,2026-05,B046,Wrist,Mid-range,Normal,183.2,184.0,0.8,True
S02980,2026-09,B019,Finger,Low-end,Dim,15.0,16.2,1.17,False
S02981,2025-12,B024,Finger,Low-end,Bright,17.4,17.6,0.23,True
S02982,2026-01,B002,Finger,Low-end,Normal,21.0,21.6,0.6,False
S02983,2026-07,B027,Finger,Mid-range,Normal,16.6,16.5,0.1,True
S02984,2026-05,B009,Neck,Mid-range,Bright,375.6,373.5,2.09,True
S02985,2026-09,B020,Wrist,Mid-range,Normal,159.2,160.1,0.87,True
S02986,2026-04,B026,Finger,Mid-range,Bright,16.4,16.6,0.18,True
S02987,2026-06,B033,Finger,Mid-range,Bright,17.7,18.2,0.46,True
S02988,2026-07,B034,Wrist,Mid-range,Normal,188.9,189.3,0.44,True
S02989,2026-01,B045,Wrist,Low-end,Dim,167.8,167.3,0.48,True
S02990,2025-12,B011,Neck,High-end,Normal,402.9,401.1,1.78,True
S02991,2026-06,B041,Finger,Mid-range,Bright,17.1,16.8,0.35,True
S02992,2026-06,B004,Neck,Mid-range,Dim,417.5,421.7,4.24,True
S02993,2026-04,B048,Finger,Mid-range,Normal,16.4,17.0,0.61,False
S02994,2026-02,B033,Neck,Low-end,Normal,334.3,339.8,5.56,True
S02995,2025-11,B016,Neck,High-end,Normal,365.8,366.4,0.61,True
S02996,2025-11,B018,Finger,Mid-range,Normal,15.0,15.0,0.01,True
S02997,2026-08,B036,Neck,High-end,Bright,413.1,413.3,0.27,True
S02998,2026-03,B021,Neck,Low-end,Normal,402.5,405.3,2.81,True
S02999,2025-10,B047,Wrist,Mid-range,Normal,184.7,185.4,0.63,True
S03000,2026-08,B016,Finger,High-end,Dim,20.5,20.4,0.09,True
S03001,2025-11,B025,Finger,Mid-range,Dim,18.9,18.7,0.23,True
S03002,2026-01,B044,Neck,Mid-range,Normal,341.8,340.2,1.56,True
S03003,2025-11,B021,Finger,Mid-range,Bright,15.1,15.2,0.17,True
S03004,2025-10,B011,Finger,Mid-range,Dim,20.7,21.5,0.73,False
S03005,2025-11,B039,Finger,High-end,Dim,22.0,21.6,0.35,True
S03006,2026-03,B001,Finger,Mid-range,Normal,18.7,18.6,0.12,True
S03007,2026-03,B009,Finger,High-end,Bright,20.5,20.5,0.0,True
S03008,2026-05,B023,Finger,Low-end,Normal,19.9,20.2,0.28,True
S03009,2025-12,B010,Wrist,High-end,Bright,180.7,180.1,0.6,True
S03010,2026-05,B010,Neck,Mid-range,Dim,368.4,367.5,0.93,True
S03011,2026-09,B031,Wrist,Low-end,Bright,157.1,157.7,0.67,True
S03012,2026-03,B012,Neck,High-end,Normal,406.1,404.7,1.44,True
S03013,2025-12,B023,Wrist,High-end,Bright,156.3,157.3,1.03,True
S03014,2026-02,B002,Neck,Mid-range,Normal,417.6,415.0,2.59,True
S03015,2026-05,B045,Finger,Mid-range,Normal,16.2,15.9,0.32,True
S03016,2026-06,B039,Wrist,Low-end,Normal,187.4,184.5,2.93,True
S03017,2026-06,B023,Wrist,Mid-range,Dim,167.1,165.9,1.24,True
S03018,2026-07,B015,Neck,Mid-range,Normal,371.4,373.7,2.36,True
S03019,2025-10,B009,Finger,Mid-range,Normal,19.4,19.2,0.17,True
S03020,2026-09,B010,Wrist,Low-end,Dim,177.7,175.4,2.26,True
S03021,2026-05,B015,Neck,Mid-range,Normal,405.6,403.3,2.23,True
S03022,2026-04,B027,Wrist,Mid-range,Dim,180.0,183.1,3.1,False
S03023,2025-11,B039,Finger,Mid-range,Normal,19.5,19.4,0.13,True
S03024,2026-02,B021,Finger,Low-end,Bright,16.3,15.7,0.63,False
S03025,2026-08,B028,Finger,Mid-range,Dim,19.2,20.4,1.23,False
S03026,2026-08,B031,Finger,Mid-range,Normal,20.7,20.6,0.12,True
S03027,2026-06,B013,Finger,Mid-range,Bright,15.0,15.1,0.15,True
S03028,2026-08,B025,Wrist,High-end,Bright,187.6,186.2,1.44,True
S03029,2025-11,B041,Wrist,Mid-range,Normal,180.4,178.4,2.0,True
S03030,2026-01,B021,Finger,Low-end,Normal,15.6,14.8,0.8,False
S03031,2026-09,B044,Finger,Low-end,Dim,20.2,20.2,0.06,True
S03032,2026-03,B002,Finger,Mid-range,Normal,16.6,16.6,0.04,True
S03033,2026-07,B004,Wrist,Mid-range,Normal,176.1,175.3,0.81,True
S03034,2026-06,B035,Wrist,Low-end,Dim,184.1,179.4,4.7,False
S03035,2025-10,B010,Wrist,High-end,Normal,174.3,175.4,1.14,True
S03036,2025-10,B047,Finger,Mid-range,Normal,19.2,19.3,0.06,True
S03037,2025-11,B008,Finger,High-end,Normal,15.8,15.7,0.09,True
S03038,2026-07,B039,Wrist,Low-end,Normal,183.1,177.9,5.17,False
S03039,2026-05,B011,Finger,Low-end,Normal,21.2,20.6,0.59,False
S03040,2026-07,B030,Neck,High-end,Normal,417.4,418.4,0.96,True
S03041,2026-05,B039,Wrist,Mid-range,Normal,173.3,173.0,0.32,True
S03042,2026-08,B047,Neck,High-end,Normal,411.7,414.0,2.3,True
S03043,2025-12,B007,Neck,Mid-range,Dim,384.4,388.7,4.27,True
S03044,2026-03,B015,Wrist,Mid-range,Normal,180.3,177.5,2.82,True
S03045,2026-04,B045,Neck,Mid-range,Normal,346.3,347.7,1.43,True
S03046,2025-10,B039,Finger,Low-end,Normal,19.5,20.4,0.9,False
S03047,2026-01,B004,Neck,Mid-range,Normal,393.2,395.3,2.08,True
S03048,2026-08,B020,Neck,Mid-range,Normal,343.1,340.3,2.75,True
S03049,2026-01,B002,Wrist,Mid-range,Normal,154.0,153.3,0.69,True
S03050,2026-08,B036,Finger,Low-end,Normal,17.6,16.9,0.7,False
S03051,2026-08,B038,Finger,High-end,Bright,16.7,16.7,0.0,True
S03052,2026-04,B048,Wrist,Low-end,Bright,151.9,150.2,1.67,True
S03053,2026-08,B006,Wrist,Low-end,Normal,173.7,173.4,0.27,True
S03054,2026-02,B035,Finger,High-end,Normal,18.4,18.1,0.22,True
S03055,2026-08,B018,Finger,Mid-range,Bright,15.0,15.3,0.25,True
S03056,2026-09,B044,Neck,Mid-range,Dim,406.2,410.8,4.58,True
S03057,2026-06,B046,Wrist,Mid-range,Dim,171.3,170.5,0.76,True
S03058,2026-05,B048,Finger,Low-end,Bright,21.6,22.0,0.49,True
S03059,2026-09,B020,Finger,Low-end,Normal,15.3,14.9,0.44,True
S03060,2026-07,B030,Neck,Mid-range,Normal,380.3,385.3,4.97,True
S03061,2026-05,B007,Wrist,High-end,Bright,168.9,167.3,1.6,True
S03062,2025-11,B030,Wrist,Mid-range,Bright,168.3,167.7,0.63,True
S03063,2026-04,B021,Finger,High-end,Normal,20.1,20.2,0.13,True
S03064,2026-02,B044,Wrist,Low-end,Normal,160.1,160.8,0.74,True
S03065,2026-03,B043,Wrist,High-end,Normal,158.1,157.8,0.22,True
S03066,2025-12,B007,Finger,Mid-range,Normal,15.8,16.1,0.25,True
S03067,2026-03,B005,Finger,Mid-range,Normal,19.6,19.9,0.34,True
S03068,2026-07,B009,Finger,High-end,Normal,19.3,19.2,0.06,True
S03069,2026-09,B033,Finger,Mid-range,Normal,15.3,14.9,0.41,True
S03070,2026-04,B004,Finger,Mid-range,Normal,21.2,21.3,0.1,True
S03071,2026-03,B030,Finger,Mid-range,Dim,18.4,18.1,0.33,True
S03072,2026-02,B038,Finger,Mid-range,Normal,16.8,16.6,0.25,True
S03073,2025-12,B001,Wrist,High-end,Normal,153.9,155.1,1.2,True
S03074,2026-08,B027,Finger,Mid-range,Normal,18.7,18.5,0.18,True
S03075,2026-02,B035,Wrist,Mid-range,Dim,164.5,165.6,1.16,True
S03076,2026-06,B018,Wrist,Mid-range,Normal,188.8,187.3,1.43,True
S03077,2026-03,B014,Finger,High-end,Normal,15.4,15.5,0.06,True
S03078,2026-01,B006,Neck,High-end,Dim,393.9,395.0,1.12,True
S03079,2026-01,B020,Wrist,Low-end,Normal,156.1,155.1,1.09,True
S03080,2025-12,B005,Finger,High-end,Bright,17.9,17.9,0.04,True
S03081,2026-01,B035,Wrist,High-end,Dim,187.3,186.6,0.66,True
S03082,2025-10,B025,Wrist,Mid-range,Normal,153.2,152.5,0.73,True
S03083,2025-12,B029,Wrist,Mid-range,Dim,151.0,150.7,0.27,True
S03084,2026-02,B046,Wrist,High-end,Normal,171.2,171.6,0.44,True
S03085,2026-08,B007,Finger,Mid-range,Normal,18.6,18.8,0.17,True
S03086,2026-06,B028,Wrist,High-end,Normal,150.7,152.3,1.54,True
S03087,2025-12,B016,Neck,Mid-range,Normal,356.6,356.5,0.07,True
S03088,2026-09,B037,Finger,High-end,Normal,15.6,15.9,0.31,True
S03089,2026-01,B009,Finger,Mid-range,Normal,15.7,15.6,0.11,True
S03090,2026-07,B014,Finger,High-end,Normal,18.2,18.1,0.12,True
S03091,2026-05,B025,Finger,Mid-range,Dim,14.1,14.2,0.18,True
S03092,2026-09,B022,Wrist,Mid-range,Bright,167.5,168.8,1.31,True
S03093,2025-12,B016,Wrist,High-end,Dim,156.6,153.4,3.23,False
S03094,2026-07,B016,Finger,Mid-range,Normal,19.3,19.0,0.23,True
S03095,2025-10,B027,Wrist,Low-end,Dim,154.7,157.9,3.26,False
S03096,2026-06,B030,Neck,Mid-range,Normal,344.9,341.3,3.57,True
S03097,2026-02,B022,Finger,Mid-range,Normal,20.0,20.5,0.42,True
S03098,2025-10,B021,Neck,Mid-range,Normal,353.4,353.7,0.23,True
S03099,2026-05,B012,Finger,Low-end,Normal,14.9,15.2,0.28,True
S03100,2026-04,B023,Neck,High-end,Bright,399.7,397.7,1.98,True
S03101,2026-01,B039,Finger,Low-end,Bright,18.1,18.4,0.31,True
S03102,2025-11,B034,Finger,Low-end,Normal,18.4,17.7,0.69,False
S03103,2026-03,B007,Finger,High-end,Normal,20.3,20.5,0.11,True
S03104,2026-07,B032,Neck,High-end,Normal,387.4,390.1,2.69,True
S03105,2026-04,B024,Finger,Mid-range,Dim,19.2,19.6,0.42,True
S03106,2026-07,B032,Wrist,Low-end,Normal,169.6,168.5,1.15,True
S03107,2026-02,B037,Wrist,Low-end,Normal,152.8,153.6,0.79,True
S03108,2026-01,B004,Neck,Mid-range,Dim,383.7,389.3,5.7,True
S03109,2025-12,B033,Wrist,Mid-range,Normal,161.3,159.0,2.36,True
S03110,2026-06,B016,Finger,High-end,Normal,15.0,15.0,0.07,True
S03111,2025-10,B042,Finger,High-end,Normal,15.6,15.2,0.39,True
S03112,2026-05,B013,Finger,Low-end,Normal,15.8,16.2,0.41,True
S03113,2026-05,B020,Neck,Low-end,Normal,401.1,395.6,5.59,True
S03114,2026-06,B010,Wrist,Mid-range,Bright,155.5,155.2,0.27,True
S03115,2026-08,B045,Finger,Low-end,Dim,17.6,17.5,0.07,True
S03116,2026-04,B038,Finger,High-end,Bright,15.9,15.7,0.22,True
S03117,2025-12,B037,Wrist,High-end,Bright,167.8,169.8,2.03,True
S03118,2026-01,B002,Neck,Low-end,Dim,374.9,367.7,7.17,False
S03119,2026-01,B019,Neck,Mid-range,Normal,367.6,365.0,2.6,True
S03120,2026-08,B004,Wrist,Mid-range,Normal,186.7,187.2,0.53,True
S03121,2026-04,B001,Finger,Low-end,Dim,17.2,17.6,0.44,True
S03122,2026-09,B038,Finger,Mid-range,Normal,18.5,18.9,0.33,True
S03123,2026-02,B026,Wrist,Low-end,Bright,171.6,171.3,0.31,True
S03124,2026-06,B025,Neck,Mid-range,Normal,393.0,389.1,3.88,True
S03125,2026-09,B006,Finger,Mid-range,Normal,15.5,15.1,0.46,True
S03126,2026-03,B040,Neck,High-end,Dim,387.4,391.3,3.83,True
S03127,2025-11,B014,Neck,Mid-range,Dim,331.6,336.5,4.93,True
S03128,2026-03,B011,Wrist,Mid-range,Normal,151.6,147.5,4.06,False
S03129,2026-05,B034,Finger,Low-end,Bright,21.9,20.6,1.31,False
S03130,2026-07,B005,Wrist,High-end,Normal,187.7,186.4,1.27,True
S03131,2026-02,B045,Neck,Mid-range,Normal,383.0,382.7,0.29,True
S03132,2026-02,B002,Neck,High-end,Normal,380.0,380.5,0.5,True
S03133,2025-11,B014,Wrist,Mid-range,Normal,156.9,157.7,0.76,True
S03134,2026-06,B024,Finger,Mid-range,Normal,21.8,21.5,0.3,True
S03135,2026-06,B002,Finger,Low-end,Dim,20.7,22.0,1.34,False
S03136,2025-10,B010,Wrist,Mid-range,Normal,160.7,162.9,2.18,True
S03137,2026-01,B029,Finger,Mid-range,Normal,16.1,16.2,0.11,True
S03138,2026-06,B013,Wrist,Mid-range,Bright,173.9,172.4,1.42,True
S03139,2026-03,B007,Wrist,Low-end,Normal,160.6,159.7,0.93,True
S03140,2026-04,B004,Finger,Low-end,Bright,15.6,16.4,0.86,False
S03141,2026-03,B008,Neck,Low-end,Normal,395.6,396.9,1.22,True
S03142,2026-02,B001,Wrist,Mid-range,Dim,151.9,157.3,5.43,False
S03143,2026-08,B041,Finger,Mid-range,Normal,18.2,18.0,0.21,True
S03144,2025-11,B047,Finger,Mid-range,Normal,18.9,18.9,0.04,True
S03145,2026-05,B039,Finger,Mid-range,Normal,16.1,15.6,0.49,True
S03146,2026-06,B007,Neck,High-end,Bright,394.7,394.4,0.32,True
S03147,2025-11,B020,Finger,Mid-range,Bright,16.4,16.3,0.17,True
S03148,2026-08,B007,Finger,High-end,Bright,19.2,19.4,0.18,True
S03149,2025-11,B040,Wrist,Mid-range,Bright,186.2,185.4,0.76,True
S03150,2026-09,B012,Wrist,Low-end,Normal,187.1,187.8,0.68,True
S03151,2026-06,B017,Neck,Low-end,Normal,390.3,394.5,4.22,True
S03152,2026-02,B013,Wrist,Mid-range,Bright,156.8,159.1,2.36,True
S03153,2026-08,B011,Wrist,Low-end,Normal,186.2,184.9,1.33,True
S03154,2026-04,B033,Finger,Mid-range,Normal,15.8,16.0,0.16,True
S03155,2026-06,B013,Wrist,Mid-range,Dim,151.2,152.2,1.0,True
S03156,2026-03,B028,Finger,Low-end,Normal,16.8,17.6,0.85,False
S03157,2025-10,B020,Neck,Mid-range,Normal,409.4,406.2,3.16,True
S03158,2026-05,B027,Finger,Mid-range,Normal,19.7,19.7,0.03,True
S03159,2026-02,B020,Neck,Low-end,Dim,411.2,412.2,1.03,True
S03160,2026-06,B008,Neck,Mid-range,Dim,396.1,395.9,0.2,True
S03161,2025-12,B003,Wrist,Low-end,Normal,188.4,183.8,4.55,False
S03162,2026-01,B011,Wrist,High-end,Dim,185.7,184.1,1.62,True
S03163,2026-04,B010,Finger,Low-end,Bright,18.0,18.5,0.5,True
S03164,2026-02,B030,Finger,Mid-range,Normal,15.8,15.5,0.26,True
S03165,2026-05,B003,Neck,High-end,Normal,339.1,341.2,2.13,True
S03166,2025-10,B026,Neck,Low-end,Dim,410.1,408.5,1.59,True
S03167,2026-07,B005,Finger,High-end,Bright,15.5,15.7,0.18,True
S03168,2026-07,B002,Wrist,Mid-range,Normal,176.2,175.1,1.08,True
S03169,2025-10,B031,Finger,High-end,Normal,20.5,20.3,0.12,True
S03170,2026-04,B010,Wrist,Mid-range,Normal,151.8,151.8,0.05,True
S03171,2026-07,B006,Neck,Mid-range,Normal,344.4,339.9,4.56,True
S03172,2026-03,B025,Neck,Mid-range,Normal,363.7,361.0,2.62,True
S03173,2026-08,B045,Wrist,Mid-range,Bright,155.7,154.3,1.35,True
S03174,2026-09,B031,Wrist,Low-end,Normal,179.4,178.0,1.48,True
S03175,2026-08,B009,Finger,Mid-range,Dim,18.5,17.7,0.81,False
S03176,2026-04,B043,Finger,Mid-range,Dim,20.8,21.2,0.36,True
S03177,2026-01,B015,Finger,Mid-range,Dim,20.3,19.1,1.18,False
S03178,2026-07,B034,Neck,High-end,Dim,412.7,417.2,4.54,True
S03179,2025-11,B010,Wrist,Low-end,Dim,159.2,161.4,2.21,True
S03180,2026-06,B041,Wrist,Mid-range,Normal,156.0,157.4,1.42,True
S03181,2026-02,B037,Wrist,Mid-range,Normal,177.0,175.5,1.48,True
S03182,2026-08,B024,Finger,High-end,Normal,15.5,15.6,0.07,True
S03183,2025-11,B006,Finger,Mid-range,Normal,17.2,17.3,0.03,True
S03184,2026-09,B009,Wrist,Mid-range,Normal,179.4,181.6,2.25,True
S03185,2026-08,B023,Wrist,Low-end,Bright,150.7,151.0,0.28,True
S03186,2026-07,B002,Neck,Mid-range,Normal,393.7,394.1,0.39,True
S03187,2025-10,B040,Neck,High-end,Normal,379.5,377.0,2.5,True
S03188,2025-10,B046,Finger,Low-end,Dim,18.1,17.2,0.91,False
S03189,2026-06,B005,Finger,Low-end,Dim,17.9,17.3,0.63,False
S03190,2026-03,B026,Finger,Mid-range,Normal,18.1,18.3,0.27,True
S03191,2026-01,B005,Finger,Mid-range,Dim,14.4,13.7,0.75,False
S03192,2026-01,B027,Finger,Low-end,Normal,20.7,19.8,0.9,False
S03193,2026-08,B042,Wrist,Low-end,Normal,178.9,183.3,4.47,False
S03194,2026-07,B018,Neck,Low-end,Normal,331.0,333.1,2.08,True
S03195,2025-10,B013,Finger,Low-end,Normal,21.2,21.5,0.32,True
S03196,2026-01,B005,Wrist,Low-end,Bright,177.2,176.9,0.23,True
S03197,2026-02,B008,Finger,Mid-range,Bright,16.3,16.3,0.0,True
S03198,2026-09,B015,Finger,Low-end,Normal,17.5,18.5,1.02,False
S03199,2026-04,B016,Neck,Mid-range,Normal,361.1,356.3,4.79,True
S03200,2026-07,B044,Finger,Mid-range,Bright,21.1,21.6,0.53,False
S03201,2025-12,B009,Finger,Mid-range,Normal,17.7,17.9,0.21,True
S03202,2026-08,B007,Finger,Low-end,Normal,19.9,19.5,0.38,True
S03203,2026-07,B010,Neck,High-end,Normal,347.3,343.6,3.74,True
S03204,2025-11,B037,Wrist,Low-end,Normal,188.3,189.3,1.01,True
S03205,2026-09,B035,Wrist,Mid-range,Dim,179.3,180.9,1.55,True
S03206,2026-03,B021,Finger,Low-end,Normal,17.8,17.5,0.3,True
S03207,2026-06,B042,Neck,Mid-range,Normal,342.7,342.3,0.46,True
S03208,2026-02,B007,Neck,High-end,Dim,332.3,331.6,0.69,True
S03209,2025-12,B028,Neck,Low-end,Normal,412.8,409.2,3.69,True
S03210,2025-12,B028,Neck,Mid-range,Normal,344.3,340.8,3.55,True
S03211,2026-03,B033,Neck,Low-end,Normal,361.2,355.8,5.34,True
S03212,2026-06,B013,Wrist,Mid-range,Normal,171.9,170.4,1.5,True
S03213,2026-01,B043,Finger,High-end,Normal,19.8,19.9,0.18,True
S03214,2026-07,B024,Finger,Low-end,Normal,18.8,18.6,0.24,True
S03215,2026-04,B001,Wrist,Mid-range,Bright,177.9,178.6,0.75,True
S03216,2025-12,B002,Wrist,Mid-range,Normal,188.8,186.7,2.18,True
S03217,2026-03,B008,Finger,Mid-range,Normal,20.6,21.2,0.63,False
S03218,2026-08,B017,Wrist,Mid-range,Normal,174.5,172.0,2.48,True
S03219,2025-10,B018,Wrist,Mid-range,Dim,150.7,152.2,1.51,True
S03220,2025-11,B015,Wrist,Mid-range,Dim,158.1,158.0,0.04,True
S03221,2025-12,B013,Wrist,Mid-range,Dim,162.1,166.7,4.54,False
S03222,2025-12,B002,Neck,High-end,Bright,368.0,368.6,0.64,True
S03223,2026-01,B006,Finger,High-end,Normal,16.4,16.5,0.1,True
S03224,2026-03,B020,Neck,Mid-range,Normal,350.8,350.9,0.07,True
S03225,2026-02,B048,Finger,Low-end,Dim,20.9,19.1,1.77,False
S03226,2025-11,B048,Finger,Low-end,Normal,17.9,17.6,0.29,True
S03227,2026-03,B006,Finger,Mid-range,Normal,18.6,18.8,0.18,True
S03228,2025-11,B010,Finger,Mid-range,Normal,18.3,18.2,0.12,True
S03229,2025-10,B023,Wrist,Low-end,Normal,170.0,171.7,1.62,True
S03230,2026-02,B014,Finger,High-end,Normal,15.9,15.8,0.1,True
S03231,2026-01,B026,Wrist,High-end,Normal,158.9,156.9,2.01,True
S03232,2026-06,B010,Wrist,High-end,Dim,158.9,158.4,0.49,True
S03233,2026-01,B010,Finger,Low-end,Normal,16.7,16.7,0.0,True
S03234,2025-10,B020,Finger,Mid-range,Normal,19.0,19.5,0.55,False
S03235,2026-06,B035,Finger,Low-end,Normal,18.8,18.6,0.13,True
S03236,2026-04,B014,Neck,Mid-range,Dim,388.0,395.8,7.75,False
S03237,2026-03,B044,Finger,Mid-range,Normal,19.1,19.2,0.08,True
S03238,2026-03,B008,Finger,Mid-range,Normal,16.5,16.9,0.34,True
S03239,2025-10,B002,Finger,High-end,Normal,21.5,21.5,0.0,True
S03240,2026-06,B047,Finger,High-end,Dim,18.9,18.9,0.04,True
S03241,2026-05,B008,Neck,High-end,Bright,384.0,383.9,0.01,True
S03242,2025-10,B015,Wrist,High-end,Normal,159.0,158.2,0.89,True
S03243,2026-03,B023,Finger,Low-end,Bright,20.6,20.2,0.41,True
S03244,2026-08,B047,Finger,Mid-range,Dim,17.6,16.4,1.19,False
S03245,2026-07,B028,Finger,Low-end,Normal,19.7,20.7,1.08,False
S03246,2025-10,B012,Finger,Mid-range,Dim,21.6,20.6,0.99,False
S03247,2026-08,B038,Finger,High-end,Dim,19.1,19.5,0.37,True
S03248,2026-06,B016,Neck,Low-end,Normal,335.4,337.2,1.76,True
S03249,2026-02,B027,Wrist,Mid-range,Bright,158.8,157.9,0.92,True
S03250,2026-07,B011,Wrist,Mid-range,Dim,159.7,163.1,3.44,False
S03251,2026-02,B033,Finger,High-end,Normal,14.7,14.5,0.14,True
S03252,2026-07,B017,Finger,Mid-range,Bright,21.4,21.7,0.33,True
S03253,2026-02,B033,Neck,Mid-range,Normal,375.2,377.6,2.37,True
S03254,2026-09,B047,Neck,Mid-range,Normal,346.7,347.1,0.35,True
S03255,2026-01,B022,Finger,Mid-range,Normal,16.1,15.6,0.49,True
S03256,2026-06,B027,Wrist,Mid-range,Normal,188.1,188.4,0.29,True
S03257,2026-03,B008,Neck,Mid-range,Normal,349.3,348.9,0.43,True
S03258,2026-02,B006,Wrist,Mid-range,Dim,157.4,158.5,1.14,True
S03259,2026-02,B018,Wrist,Low-end,Normal,186.9,186.1,0.83,True
S03260,2026-02,B029,Finger,Mid-range,Normal,17.3,17.4,0.08,True
S03261,2026-08,B022,Finger,Mid-range,Bright,16.2,16.0,0.2,True
S03262,2025-10,B007,Finger,Mid-range,Normal,15.1,15.0,0.15,True
S03263,2025-10,B038,Neck,Mid-range,Dim,364.6,368.6,3.99,True
S03264,2026-03,B020,Wrist,Mid-range,Dim,183.7,184.5,0.82,True
S03265,2026-02,B031,Finger,Low-end,Normal,20.3,21.2,0.97,False
S03266,2026-07,B034,Neck,High-end,Bright,388.1,388.1,0.09,True
S03267,2026-01,B008,Finger,Mid-range,Normal,16.8,16.4,0.34,True
S03268,2025-10,B029,Finger,Low-end,Normal,15.7,15.7,0.05,True
S03269,2026-08,B028,Wrist,Low-end,Bright,189.9,191.0,1.08,True
S03270,2025-10,B030,Finger,Low-end,Normal,16.5,17.0,0.51,False
S03271,2025-11,B024,Neck,Mid-range,Bright,392.4,389.3,3.05,True
S03272,2026-06,B041,Wrist,Mid-range,Normal,165.0,166.6,1.65,True
S03273,2026-04,B011,Finger,High-end,Bright,16.1,16.3,0.18,True
S03274,2026-09,B042,Neck,Mid-range,Normal,357.4,362.3,4.97,True
S03275,2026-01,B024,Finger,Mid-range,Normal,17.0,17.1,0.04,True
S03276,2026-04,B032,Finger,Mid-range,Dim,14.5,13.9,0.59,False
S03277,2026-07,B041,Neck,Mid-range,Normal,372.0,371.5,0.5,True
S03278,2026-06,B014,Wrist,Mid-range,Normal,171.9,172.3,0.42,True
S03279,2026-08,B003,Wrist,Low-end,Bright,160.5,155.7,4.81,False
S03280,2025-10,B021,Wrist,Low-end,Normal,181.3,180.6,0.78,True
S03281,2026-07,B028,Finger,Low-end,Normal,16.5,16.9,0.33,True
S03282,2025-11,B015,Finger,High-end,Bright,17.6,17.8,0.16,True
S03283,2026-07,B037,Finger,High-end,Normal,17.7,17.7,0.0,True
S03284,2026-06,B015,Finger,High-end,Normal,16.4,16.3,0.07,True
S03285,2026-04,B031,Finger,Low-end,Normal,18.9,19.9,1.01,False
S03286,2026-03,B004,Finger,Mid-range,Normal,16.5,16.7,0.13,True
S03287,2026-06,B032,Wrist,Low-end,Bright,160.6,160.3,0.31,True
S03288,2025-10,B021,Wrist,Low-end,Dim,162.6,152.9,9.68,False
S03289,2026-02,B027,Finger,Mid-range,Dim,20.3,19.9,0.34,True
S03290,2025-12,B043,Neck,High-end,Normal,352.8,353.5,0.76,True
S03291,2025-11,B006,Wrist,Mid-range,Dim,171.8,170.1,1.71,True
S03292,2026-07,B021,Neck,Mid-range,Normal,364.6,365.8,1.23,True
S03293,2026-06,B020,Finger,Low-end,Normal,18.9,18.7,0.2,True
S03294,2026-05,B024,Neck,Low-end,Normal,387.7,390.0,2.36,True
S03295,2026-07,B040,Wrist,Mid-range,Normal,152.4,152.3,0.08,True
S03296,2026-02,B008,Finger,Low-end,Bright,16.4,16.8,0.46,True
S03297,2026-04,B045,Finger,High-end,Dim,17.1,17.8,0.72,False
S03298,2025-12,B031,Finger,Mid-range,Normal,21.0,21.4,0.45,True
S03299,2026-08,B022,Neck,High-end,Normal,333.9,334.4,0.55,True
S03300,2025-12,B036,Finger,Low-end,Dim,14.2,14.5,0.32,True
S03301,2025-11,B022,Finger,High-end,Normal,17.6,17.6,0.03,True
S03302,2026-02,B027,Finger,Mid-range,Normal,20.7,21.1,0.38,True
S03303,2026-03,B013,Wrist,Mid-range,Normal,160.0,158.9,1.12,True
S03304,2025-10,B027,Finger,High-end,Normal,17.4,17.3,0.1,True
S03305,2026-02,B002,Finger,Mid-range,Normal,18.4,18.1,0.25,True
S03306,2025-10,B048,Finger,Mid-range,Bright,17.8,17.8,0.01,True
S03307,2026-05,B001,Finger,Mid-range,Normal,18.6,18.1,0.42,True
S03308,2026-09,B009,Neck,Low-end,Normal,391.2,392.4,1.22,True
S03309,2026-09,B016,Finger,Low-end,Dim,15.6,15.6,0.04,True
S03310,2026-05,B037,Finger,Mid-range,Normal,19.6,19.6,0.01,True
S03311,2026-09,B012,Finger,Mid-range,Bright,15.2,15.2,0.02,True
S03312,2026-01,B004,Finger,Mid-range,Normal,14.3,14.0,0.24,True
S03313,2026-06,B017,Finger,Low-end,Normal,19.5,18.4,1.12,False
S03314,2026-03,B015,Finger,Mid-range,Dim,20.9,21.4,0.53,False
S03315,2025-11,B044,Finger,High-end,Dim,14.2,13.7,0.52,False
S03316,2026-05,B027,Finger,High-end,Normal,21.1,21.1,0.0,True
S03317,2026-09,B028,Finger,Mid-range,Bright,14.2,14.1,0.1,True
S03318,2026-03,B011,Wrist,Mid-range,Normal,150.7,151.8,1.18,True
S03319,2026-05,B023,Finger,Mid-range,Dim,14.2,13.4,0.76,False
S03320,2026-08,B014,Wrist,Mid-range,Normal,175.1,174.9,0.16,True
S03321,2026-07,B005,Finger,Mid-range,Bright,15.3,15.6,0.27,True
S03322,2026-08,B038,Finger,Mid-range,Normal,19.7,19.7,0.01,True
S03323,2026-03,B036,Neck,Mid-range,Normal,400.2,400.0,0.18,True
S03324,2026-04,B033,Wrist,Mid-range,Normal,184.3,187.0,2.72,True
S03325,2026-09,B017,Neck,Mid-range,Normal,350.6,348.4,2.22,True
S03326,2026-02,B033,Finger,High-end,Normal,21.0,21.2,0.2,True
S03327,2025-10,B005,Wrist,Mid-range,Bright,155.2,154.9,0.26,True
S03328,2026-09,B017,Finger,Mid-range,Normal,17.6,17.9,0.34,True
S03329,2025-10,B038,Neck,Low-end,Normal,416.0,415.9,0.13,True
S03330,2026-03,B012,Finger,High-end,Normal,16.4,16.3,0.09,True
S03331,2026-03,B025,Neck,High-end,Normal,415.9,418.8,2.93,True
S03332,2025-10,B039,Finger,Mid-range,Normal,16.1,16.5,0.37,True
S03333,2025-12,B037,Finger,Mid-range,Dim,17.9,17.9,0.01,True
S03334,2026-07,B037,Finger,High-end,Bright,20.8,20.9,0.12,True
S03335,2026-09,B020,Neck,Mid-range,Normal,351.0,352.6,1.54,True
S03336,2025-11,B019,Wrist,High-end,Normal,159.3,159.3,0.02,True
S03337,2025-11,B019,Neck,Low-end,Normal,395.3,391.3,4.06,True
S03338,2026-03,B014,Wrist,Low-end,Bright,162.8,162.2,0.67,True
S03339,2026-08,B015,Finger,Mid-range,Normal,19.5,19.0,0.56,False
S03340,2026-06,B015,Wrist,Mid-range,Bright,157.9,157.5,0.35,True
S03341,2025-11,B013,Finger,Low-end,Normal,18.3,18.0,0.37,True
S03342,2026-06,B022,Wrist,Low-end,Dim,175.7,175.9,0.24,True
S03343,2026-08,B036,Wrist,Low-end,Dim,166.6,169.6,3.02,False
S03344,2025-11,B018,Neck,Low-end,Bright,347.8,347.6,0.25,True
S03345,2025-12,B011,Finger,Mid-range,Normal,14.0,13.5,0.52,False
S03346,2025-11,B028,Finger,Mid-range,Normal,22.0,22.9,0.91,False
S03347,2026-06,B002,Finger,Low-end,Dim,19.4,20.0,0.66,False
S03348,2026-08,B037,Wrist,Mid-range,Normal,172.7,171.5,1.19,True
S03349,2025-11,B028,Finger,High-end,Bright,18.6,18.4,0.15,True
S03350,2026-03,B041,Finger,Mid-range,Bright,14.1,14.9,0.76,False
S03351,2026-09,B036,Wrist,High-end,Normal,158.8,159.4,0.56,True
S03352,2026-05,B006,Finger,Mid-range,Normal,22.0,22.4,0.48,True
S03353,2026-09,B002,Finger,Mid-range,Bright,20.4,20.3,0.01,True
S03354,2026-02,B047,Finger,High-end,Normal,20.5,20.8,0.29,True
S03355,2025-11,B041,Finger,Low-end,Normal,21.3,21.3,0.01,True
S03356,2025-10,B033,Finger,Mid-range,Normal,18.2,19.3,1.1,False
S03357,2026-09,B035,Finger,Mid-range,Normal,19.2,19.3,0.09,True
S03358,2026-01,B009,Wrist,High-end,Dim,165.2,164.3,0.9,True
S03359,2026-06,B024,Finger,Mid-range,Normal,16.7,16.4,0.32,True
S03360,2026-05,B026,Wrist,Mid-range,Normal,178.6,175.6,3.02,False
S03361,2026-05,B016,Finger,Low-end,Normal,14.0,13.9,0.13,True
S03362,2026-07,B043,Finger,Low-end,Normal,17.3,16.9,0.43,True
S03363,2025-12,B008,Neck,Mid-range,Dim,414.1,417.3,3.15,True
S03364,2026-05,B025,Neck,High-end,Normal,380.4,379.9,0.42,True
S03365,2026-08,B047,Finger,Mid-range,Normal,16.0,16.5,0.42,True
S03366,2025-10,B010,Wrist,Mid-range,Normal,178.6,180.3,1.68,True
S03367,2026-05,B043,Wrist,Mid-range,Bright,187.1,187.3,0.15,True
S03368,2026-08,B046,Neck,Mid-range,Normal,394.1,391.3,2.81,True
S03369,2026-08,B023,Wrist,Mid-range,Normal,175.2,174.4,0.78,True
S03370,2026-02,B045,Finger,Mid-range,Dim,15.6,15.6,0.01,True
S03371,2026-04,B028,Wrist,Mid-range,Bright,182.9,182.9,0.01,True
S03372,2026-08,B013,Wrist,Mid-range,Normal,166.3,166.4,0.08,True
S03373,2025-12,B020,Finger,Mid-range,Bright,18.6,18.8,0.21,True
S03374,2026-02,B024,Neck,Mid-range,Normal,342.1,339.1,2.97,True
S03375,2026-04,B046,Finger,Mid-range,Normal,18.1,18.2,0.08,True
S03376,2026-06,B044,Finger,Low-end,Bright,20.6,21.1,0.52,False
S03377,2026-06,B009,Finger,Low-end,Normal,19.3,19.7,0.47,True
S03378,2026-01,B018,Finger,Mid-range,Normal,19.4,19.8,0.41,True
S03379,2026-02,B006,Neck,Low-end,Normal,405.3,401.6,3.68,True
S03380,2025-12,B025,Finger,High-end,Dim,15.6,15.6,0.01,True
S03381,2025-12,B007,Finger,Mid-range,Normal,16.3,16.7,0.32,True
S03382,2026-06,B048,Wrist,High-end,Normal,167.1,166.2,0.84,True
S03383,2026-04,B004,Finger,Mid-range,Bright,19.9,19.8,0.08,True
S03384,2026-07,B036,Finger,Mid-range,Normal,21.6,22.1,0.42,True
S03385,2026-08,B025,Neck,High-end,Normal,374.8,375.8,0.94,True
S03386,2026-01,B008,Finger,Low-end,Dim,21.6,21.7,0.17,True
S03387,2026-05,B026,Wrist,Low-end,Normal,186.6,186.1,0.58,True
S03388,2026-08,B017,Wrist,Low-end,Bright,159.6,157.8,1.82,True
S03389,2026-09,B033,Finger,Low-end,Normal,16.0,15.5,0.52,False
S03390,2026-03,B019,Finger,High-end,Dim,21.2,21.2,0.02,True
S03391,2025-11,B022,Finger,Mid-range,Dim,16.6,16.8,0.2,True
S03392,2026-02,B011,Wrist,High-end,Normal,177.3,177.4,0.17,True
S03393,2026-08,B029,Finger,Low-end,Normal,19.4,18.2,1.21,False
S03394,2026-02,B048,Finger,Mid-range,Normal,20.9,21.4,0.55,False
S03395,2026-03,B013,Finger,High-end,Normal,17.0,17.1,0.06,True
S03396,2026-04,B013,Finger,Low-end,Normal,19.7,19.2,0.44,True
S03397,2025-10,B009,Wrist,Low-end,Normal,158.5,159.3,0.81,True
S03398,2026-07,B006,Wrist,High-end,Normal,161.0,160.0,0.95,True
S03399,2026-04,B013,Wrist,Low-end,Normal,153.5,148.9,4.69,False
S03400,2026-07,B002,Neck,Mid-range,Normal,369.7,371.4,1.73,True
S03401,2026-09,B028,Wrist,High-end,Normal,183.6,182.9,0.7,True
S03402,2026-07,B044,Finger,Mid-range,Normal,16.6,16.8,0.21,True
S03403,2026-08,B043,Finger,Mid-range,Normal,21.8,21.7,0.1,True
S03404,2025-12,B029,Neck,Mid-range,Normal,405.0,405.4,0.47,True
S03405,2026-06,B022,Wrist,High-end,Normal,157.5,158.0,0.49,True
S03406,2025-11,B042,Finger,Low-end,Normal,20.1,19.7,0.4,True
S03407,2026-06,B039,Wrist,Mid-range,Dim,173.6,173.4,0.26,True
S03408,2026-09,B021,Finger,Mid-range,Dim,21.3,22.0,0.69,False
S03409,2025-11,B031,Finger,Mid-range,Bright,20.3,19.5,0.74,False
S03410,2026-04,B045,Neck,Mid-range,Dim,395.2,401.0,5.75,True
S03411,2025-12,B005,Finger,Mid-range,Normal,21.8,21.4,0.36,True
S03412,2026-01,B032,Finger,Low-end,Normal,19.3,19.5,0.15,True
S03413,2026-06,B014,Wrist,Mid-range,Normal,174.9,175.1,0.2,True
S03414,2026-01,B038,Finger,High-end,Dim,20.8,21.1,0.33,True
S03415,2026-03,B016,Neck,Low-end,Bright,369.5,367.8,1.73,True
S03416,2026-06,B048,Wrist,Mid-range,Dim,151.2,150.1,1.1,True
S03417,2025-11,B036,Neck,Mid-range,Bright,374.8,374.9,0.18,True
S03418,2025-11,B048,Wrist,High-end,Dim,178.6,179.0,0.42,True
S03419,2026-03,B037,Wrist,High-end,Bright,180.3,180.1,0.14,True
S03420,2026-07,B015,Finger,Low-end,Normal,19.5,19.7,0.26,True
S03421,2026-06,B043,Neck,Low-end,Bright,418.4,415.1,3.3,True
S03422,2025-10,B004,Wrist,Low-end,Bright,159.4,156.3,3.12,False
S03423,2026-07,B023,Finger,Mid-range,Normal,19.8,19.6,0.17,True
S03424,2025-12,B046,Finger,High-end,Normal,21.3,21.5,0.26,True
S03425,2026-06,B048,Finger,High-end,Normal,18.2,18.4,0.24,True
S03426,2026-04,B021,Neck,Mid-range,Normal,410.1,411.9,1.81,True
S03427,2025-12,B041,Finger,High-end,Dim,19.2,19.4,0.28,True
S03428,2025-11,B024,Finger,Mid-range,Dim,16.6,16.4,0.21,True
S03429,2026-03,B038,Finger,Mid-range,Dim,19.2,18.7,0.5,True
S03430,2026-02,B017,Finger,Mid-range,Bright,19.8,20.3,0.46,True
S03431,2026-08,B003,Wrist,Mid-range,Normal,166.3,165.1,1.21,True
S03432,2026-03,B005,Finger,High-end,Normal,21.5,21.3,0.25,True
S03433,2026-07,B045,Neck,High-end,Dim,391.5,393.2,1.71,True
S03434,2026-05,B001,Neck,Mid-range,Dim,412.8,414.2,1.46,True
S03435,2026-09,B040,Finger,Mid-range,Normal,17.3,17.6,0.32,True
S03436,2026-09,B003,Wrist,High-end,Normal,170.9,169.7,1.17,True
S03437,2026-06,B036,Finger,High-end,Normal,20.9,20.7,0.24,True
S03438,2025-11,B039,Wrist,Low-end,Normal,177.7,175.9,1.74,True
S03439,2025-12,B006,Neck,High-end,Normal,342.3,343.2,0.88,True
S03440,2026-06,B024,Wrist,High-end,Normal,186.2,186.5,0.37,True
S03441,2026-08,B016,Neck,High-end,Bright,370.3,369.2,1.14,True
S03442,2026-01,B019,Wrist,Low-end,Dim,184.7,182.5,2.13,True
S03443,2026-02,B019,Neck,Low-end,Bright,336.3,336.7,0.34,True
S03444,2026-04,B031,Finger,Low-end,Dim,18.4,17.0,1.33,False
S03445,2026-03,B034,Neck,Mid-range,Normal,419.1,416.5,2.62,True
S03446,2026-04,B018,Neck,Mid-range,Normal,404.5,407.6,3.1,True
S03447,2026-06,B030,Wrist,Low-end,Normal,161.6,160.3,1.38,True
S03448,2026-09,B003,Wrist,Mid-range,Normal,176.6,172.5,4.1,False
S03449,2026-03,B004,Neck,Mid-range,Normal,390.2,389.2,0.98,True
S03450,2026-07,B047,Neck,Mid-range,Normal,375.1,370.2,4.88,True
S03451,2026-08,B031,Neck,Mid-range,Dim,381.3,381.8,0.49,True
S03452,2026-05,B037,Finger,Mid-range,Normal,15.9,16.2,0.27,True
S03453,2026-07,B047,Finger,Mid-range,Dim,17.7,17.9,0.2,True
S03454,2026-04,B031,Wrist,Mid-range,Normal,189.2,188.6,0.55,True
S03455,2026-08,B033,Finger,Low-end,Normal,18.1,19.6,1.47,False
S03456,2026-02,B040,Neck,Low-end,Normal,396.7,388.0,8.74,False
S03457,2025-10,B026,Finger,High-end,Normal,14.9,14.9,0.07,True
S03458,2026-07,B035,Wrist,Mid-range,Normal,182.2,181.3,0.92,True
S03459,2025-12,B001,Neck,Mid-range,Bright,374.6,374.7,0.08,True
S03460,2026-07,B038,Finger,Mid-range,Dim,18.3,18.4,0.16,True
S03461,2026-09,B008,Finger,High-end,Normal,17.6,17.8,0.14,True
S03462,2025-12,B035,Finger,Low-end,Dim,18.8,19.3,0.47,True
S03463,2025-12,B003,Finger,Low-end,Dim,17.0,17.6,0.64,False
S03464,2025-12,B022,Wrist,High-end,Normal,168.3,167.6,0.62,True
S03465,2025-11,B019,Wrist,High-end,Bright,154.6,154.9,0.34,True
S03466,2026-05,B029,Wrist,Mid-range,Dim,181.8,186.4,4.55,False
S03467,2026-02,B003,Finger,Mid-range,Dim,14.9,15.9,1.0,False
S03468,2026-01,B006,Finger,Low-end,Bright,14.7,14.5,0.14,True
S03469,2025-11,B025,Finger,Mid-range,Normal,17.0,17.4,0.38,True
S03470,2025-11,B016,Neck,Low-end,Dim,406.5,416.7,10.25,False
S03471,2025-10,B023,Neck,High-end,Bright,385.7,383.0,2.72,True
S03472,2026-08,B043,Neck,Mid-range,Normal,333.4,333.8,0.47,True
S03473,2026-07,B008,Finger,High-end,Normal,18.3,18.1,0.19,True
S03474,2026-07,B002,Wrist,Low-end,Normal,178.0,175.4,2.58,True
S03475,2026-08,B006,Finger,High-end,Normal,20.5,20.1,0.4,True
S03476,2025-11,B041,Finger,Mid-range,Normal,20.2,20.3,0.13,True
S03477,2026-09,B010,Neck,Mid-range,Normal,376.4,380.0,3.58,True
S03478,2026-03,B004,Finger,High-end,Bright,21.2,21.2,0.06,True
S03479,2026-04,B005,Wrist,Mid-range,Bright,161.3,160.5,0.73,True
S03480,2025-12,B010,Finger,Low-end,Normal,21.6,20.7,0.88,False
S03481,2025-11,B001,Finger,Mid-range,Normal,20.4,20.1,0.34,True
S03482,2026-08,B003,Finger,Mid-range,Normal,14.3,14.6,0.28,True
S03483,2026-08,B011,Finger,Low-end,Normal,14.1,14.6,0.49,True
S03484,2026-06,B020,Finger,Low-end,Normal,15.1,15.2,0.09,True
S03485,2026-03,B012,Wrist,Low-end,Normal,162.2,162.7,0.51,True
S03486,2025-10,B007,Neck,Mid-range,Normal,375.6,370.9,4.76,True
S03487,2026-02,B021,Neck,High-end,Normal,395.0,394.1,0.86,True
S03488,2026-01,B026,Wrist,Mid-range,Normal,179.6,181.9,2.3,True
S03489,2026-05,B045,Neck,Mid-range,Normal,381.3,379.1,2.21,True
S03490,2026-07,B005,Finger,Low-end,Normal,18.2,17.4,0.8,False
S03491,2026-02,B013,Wrist,Mid-range,Dim,182.3,181.1,1.16,True
S03492,2026-09,B013,Wrist,Low-end,Bright,168.9,168.3,0.61,True
S03493,2026-02,B032,Wrist,Low-end,Bright,164.0,163.2,0.78,True
S03494,2026-03,B036,Neck,Mid-range,Dim,361.5,362.3,0.74,True
S03495,2026-06,B006,Finger,Mid-range,Dim,21.2,20.4,0.76,False
S03496,2026-06,B015,Wrist,Low-end,Normal,188.5,189.7,1.13,True
S03497,2025-10,B011,Wrist,Mid-range,Normal,179.0,175.3,3.63,False
S03498,2026-01,B041,Finger,Mid-range,Dim,18.1,18.1,0.02,True
S03499,2025-10,B010,Finger,High-end,Bright,21.0,21.0,0.01,True
S03500,2026-09,B044,Finger,Low-end,Normal,19.8,19.6,0.18,True
S03501,2026-02,B021,Finger,Mid-range,Normal,19.1,19.4,0.34,True
S03502,2026-09,B017,Neck,High-end,Normal,354.0,354.9,0.85,True
S03503,2026-04,B028,Finger,Mid-range,Normal,19.2,19.5,0.24,True
S03504,2026-01,B019,Finger,Mid-range,Normal,21.4,21.9,0.48,True
S03505,2026-03,B032,Finger,Mid-range,Normal,22.0,22.4,0.44,True
S03506,2026-09,B027,Finger,Mid-range,Dim,19.1,18.5,0.66,False
S03507,2026-02,B039,Wrist,Mid-range,Normal,171.1,170.5,0.65,True
S03508,2025-10,B011,Finger,Mid-range,Normal,21.9,21.8,0.09,True
S03509,2026-09,B025,Wrist,High-end,Bright,167.9,167.3,0.59,True
S03510,2026-03,B048,Wrist,Mid-range,Dim,165.8,164.4,1.4,True
S03511,2026-01,B028,Neck,High-end,Bright,376.7,379.9,3.22,True
S03512,2026-02,B041,Finger,Mid-range,Normal,16.2,16.4,0.17,True
S03513,2025-12,B013,Finger,Mid-range,Normal,14.6,14.4,0.22,True
S03514,2025-11,B006,Wrist,Mid-range,Dim,162.0,160.4,1.58,True
S03515,2025-10,B006,Wrist,High-end,Normal,150.6,151.7,1.04,True
S03516,2026-05,B042,Finger,High-end,Normal,15.6,15.9,0.32,True
S03517,2026-01,B025,Wrist,Low-end,Bright,151.3,148.3,3.04,False
S03518,2026-07,B036,Wrist,Mid-range,Bright,184.5,185.9,1.45,True
S03519,2026-08,B007,Finger,Low-end,Normal,17.3,16.3,1.0,False
S03520,2025-12,B035,Neck,High-end,Dim,363.5,364.7,1.2,True
S03521,2026-09,B035,Wrist,Low-end,Normal,162.3,163.8,1.47,True
S03522,2026-05,B033,Wrist,Mid-range,Normal,157.8,157.5,0.34,True
S03523,2025-12,B035,Finger,Mid-range,Normal,19.9,20.1,0.2,True
S03524,2025-11,B012,Wrist,Mid-range,Normal,186.9,187.1,0.24,True
S03525,2026-05,B004,Finger,Mid-range,Normal,15.3,15.6,0.27,True
S03526,2026-02,B018,Wrist,Mid-range,Bright,179.8,178.0,1.8,True
S03527,2026-09,B046,Neck,Low-end,Bright,389.3,387.6,1.69,True
S03528,2026-07,B036,Finger,High-end,Normal,20.6,20.2,0.39,True
S03529,2026-02,B010,Finger,Mid-range,Normal,19.1,19.4,0.27,True
S03530,2026-02,B009,Neck,High-end,Bright,346.8,348.2,1.45,True
S03531,2026-07,B012,Wrist,High-end,Normal,172.2,173.1,0.98,True
S03532,2025-10,B043,Wrist,Low-end,Normal,178.7,180.2,1.59,True
S03533,2026-05,B040,Neck,Mid-range,Normal,345.1,344.1,0.97,True
S03534,2026-06,B011,Wrist,Low-end,Normal,188.7,185.4,3.24,False
S03535,2025-10,B039,Wrist,Mid-range,Dim,174.5,173.2,1.38,True
S03536,2026-03,B002,Neck,High-end,Dim,350.4,345.1,5.24,True
S03537,2026-06,B006,Neck,High-end,Normal,412.8,411.8,0.98,True
S03538,2025-11,B003,Neck,Low-end,Bright,402.0,404.1,2.15,True
S03539,2026-01,B044,Neck,Mid-range,Normal,372.9,372.9,0.01,True
S03540,2025-10,B007,Finger,High-end,Dim,18.7,18.7,0.04,True
S03541,2026-07,B026,Finger,Mid-range,Normal,16.5,16.9,0.43,True
S03542,2026-08,B033,Neck,Low-end,Normal,389.9,387.6,2.3,True
S03543,2026-09,B011,Wrist,Low-end,Dim,179.8,178.9,0.94,True
S03544,2026-09,B012,Wrist,Mid-range,Normal,150.4,152.3,1.98,True
S03545,2026-06,B017,Wrist,Low-end,Dim,150.9,151.9,0.98,True
S03546,2026-08,B022,Finger,High-end,Normal,21.2,21.1,0.09,True
S03547,2026-02,B007,Finger,Mid-range,Normal,15.9,16.1,0.24,True
S03548,2026-03,B018,Finger,Mid-range,Bright,18.6,18.4,0.19,True
S03549,2026-02,B037,Neck,Mid-range,Bright,383.6,378.8,4.82,True
S03550,2025-11,B002,Wrist,Mid-range,Normal,164.5,163.2,1.35,True
S03551,2026-05,B020,Wrist,Mid-range,Normal,184.1,181.2,2.84,True
S03552,2026-06,B001,Finger,High-end,Dim,19.7,19.5,0.27,True
S03553,2026-04,B008,Finger,Mid-range,Dim,19.1,18.4,0.72,False
S03554,2025-10,B028,Finger,Mid-range,Normal,22.0,22.3,0.34,True
S03555,2026-08,B022,Neck,Mid-range,Normal,341.4,341.0,0.46,True
S03556,2026-09,B010,Finger,Low-end,Bright,15.8,16.0,0.17,True
S03557,2026-08,B028,Wrist,Low-end,Bright,177.7,180.9,3.22,False
S03558,2025-11,B010,Wrist,Low-end,Normal,154.4,156.2,1.78,True
S03559,2026-09,B040,Wrist,Mid-range,Normal,168.6,169.1,0.54,True
S03560,2025-12,B001,Finger,Mid-range,Dim,18.5,18.4,0.13,True
S03561,2025-10,B024,Neck,Mid-range,Normal,418.8,412.6,6.14,False
S03562,2026-08,B044,Wrist,Mid-range,Normal,187.7,186.4,1.29,True
S03563,2026-03,B037,Finger,High-end,Normal,19.2,19.4,0.19,True
S03564,2025-10,B003,Neck,Low-end,Normal,384.1,394.0,9.88,False
S03565,2026-08,B034,Finger,High-end,Normal,15.2,15.5,0.39,True
S03566,2026-09,B044,Wrist,High-end,Dim,188.1,189.0,0.91,True
S03567,2025-12,B024,Neck,High-end,Normal,392.9,392.0,0.97,True
S03568,2025-12,B003,Finger,Low-end,Normal,17.3,16.5,0.8,False
S03569,2025-11,B042,Wrist,Low-end,Bright,158.2,160.9,2.71,True
S03570,2026-02,B007,Finger,High-end,Normal,16.6,17.1,0.46,True
S03571,2025-11,B044,Finger,Mid-range,Normal,17.8,17.9,0.11,True
S03572,2026-09,B033,Finger,Mid-range,Normal,17.6,18.1,0.42,True
S03573,2026-06,B028,Wrist,Low-end,Dim,165.4,167.7,2.22,True
S03574,2026-08,B043,Finger,Low-end,Dim,16.7,16.3,0.41,True
S03575,2026-04,B047,Wrist,Mid-range,Normal,155.3,155.7,0.35,True
S03576,2026-06,B039,Finger,Low-end,Normal,14.1,13.6,0.47,True
S03577,2026-08,B007,Wrist,Low-end,Dim,165.4,167.4,1.97,True
S03578,2026-08,B031,Finger,Low-end,Normal,16.6,16.6,0.02,True
S03579,2026-03,B019,Finger,Low-end,Bright,17.8,16.9,0.92,False
S03580,2026-05,B047,Wrist,High-end,Normal,165.8,166.1,0.37,True
S03581,2026-07,B010,Finger,Mid-range,Normal,21.7,22.2,0.54,False
S03582,2026-07,B030,Finger,Mid-range,Normal,16.5,16.8,0.3,True
S03583,2026-02,B029,Finger,High-end,Bright,14.9,14.9,0.02,True
S03584,2025-12,B007,Neck,Mid-range,Bright,407.2,411.4,4.25,True
S03585,2026-03,B020,Wrist,Mid-range,Bright,154.4,156.5,2.12,True
S03586,2026-08,B005,Neck,High-end,Bright,376.5,378.7,2.2,True
S03587,2025-12,B035,Finger,High-end,Normal,20.8,20.9,0.06,True
S03588,2026-06,B022,Neck,Mid-range,Dim,389.6,387.5,2.09,True
S03589,2026-03,B046,Wrist,Mid-range,Dim,165.9,167.4,1.55,True
S03590,2026-07,B046,Neck,Low-end,Normal,406.9,406.0,0.93,True
S03591,2025-12,B024,Finger,Mid-range,Normal,20.9,21.1,0.25,True
S03592,2026-04,B030,Finger,Mid-range,Normal,16.0,16.2,0.15,True
S03593,2026-08,B042,Finger,Mid-range,Normal,21.3,21.6,0.29,True
S03594,2026-03,B034,Wrist,Mid-range,Bright,168.3,168.1,0.15,True
S03595,2025-11,B032,Neck,Mid-range,Normal,348.0,343.1,4.94,True
S03596,2025-12,B046,Wrist,High-end,Bright,175.4,175.0,0.42,True
S03597,2026-06,B031,Finger,Mid-range,Bright,21.6,21.3,0.31,True
S03598,2026-07,B006,Neck,High-end,Normal,346.9,345.8,1.05,True
S03599,2026-01,B044,Finger,Mid-range,Normal,19.2,18.8,0.37,True
S03600,2025-11,B042,Neck,Low-end,Normal,418.5,413.7,4.85,True
S03601,2026-07,B036,Finger,High-end,Normal,16.8,17.1,0.27,True
S03602,2026-01,B031,Finger,Mid-range,Normal,15.6,15.9,0.23,True
S03603,2025-10,B013,Neck,Low-end,Normal,378.9,377.2,1.71,True
S03604,2026-05,B027,Finger,Low-end,Normal,16.5,15.8,0.69,False
S03605,2026-01,B025,Finger,Low-end,Normal,14.6,15.7,1.12,False
S03606,2026-04,B041,Finger,Mid-range,Dim,14.2,14.2,0.0,True
S03607,2026-06,B019,Finger,Mid-range,Normal,15.9,16.4,0.51,False
S03608,2026-04,B013,Finger,Low-end,Normal,19.7,20.1,0.37,True
S03609,2026-09,B048,Finger,High-end,Bright,21.7,22.1,0.38,True
S03610,2026-06,B009,Wrist,Mid-range,Dim,170.9,171.8,0.86,True
S03611,2026-02,B046,Finger,Mid-range,Normal,16.6,16.5,0.14,True
S03612,2026-09,B039,Finger,Mid-range,Normal,20.7,21.3,0.59,False
S03613,2026-07,B021,Finger,Mid-range,Normal,17.7,17.6,0.1,True
S03614,2025-12,B040,Wrist,Low-end,Normal,175.6,173.5,2.14,True
S03615,2025-10,B011,Neck,Mid-range,Normal,407.0,404.5,2.46,True
S03616,2026-05,B023,Neck,Low-end,Normal,343.0,345.4,2.37,True
S03617,2026-08,B043,Finger,Mid-range,Normal,14.7,14.4,0.24,True
S03618,2025-12,B006,Finger,Low-end,Bright,20.8,21.5,0.75,False
S03619,2025-10,B004,Wrist,High-end,Bright,176.6,177.5,0.81,True
S03620,2026-08,B009,Neck,Mid-range,Bright,371.8,373.4,1.64,True
S03621,2026-08,B037,Wrist,Mid-range,Bright,178.0,178.9,0.86,True
S03622,2026-07,B009,Neck,High-end,Bright,338.2,337.0,1.14,True
S03623,2025-11,B004,Wrist,Low-end,Normal,158.9,158.5,0.48,True
S03624,2026-05,B048,Finger,Mid-range,Normal,14.5,14.8,0.32,True
S03625,2026-08,B039,Finger,Mid-range,Normal,17.0,17.1,0.12,True
S03626,2026-04,B028,Finger,Low-end,Normal,20.7,20.3,0.4,True
S03627,2026-04,B029,Neck,Mid-range,Normal,368.3,365.8,2.54,True
S03628,2025-10,B015,Wrist,Low-end,Normal,179.9,177.6,2.32,True
S03629,2026-05,B031,Finger,Low-end,Normal,16.8,15.9,0.91,False
S03630,2026-07,B047,Finger,Mid-range,Normal,18.4,19.0,0.65,False
S03631,2025-12,B020,Finger,High-end,Dim,14.0,14.5,0.42,True
S03632,2026-01,B004,Neck,Mid-range,Normal,407.9,406.9,0.95,True
S03633,2026-04,B015,Wrist,Low-end,Bright,160.3,157.7,2.55,True
S03634,2025-12,B004,Neck,Mid-range,Normal,379.8,379.0,0.88,True
S03635,2025-11,B003,Wrist,Mid-range,Bright,183.0,184.5,1.53,True
S03636,2026-02,B023,Wrist,Mid-range,Dim,171.5,172.6,1.17,True
S03637,2026-08,B021,Finger,Mid-range,Dim,15.4,15.9,0.52,False
S03638,2026-04,B036,Neck,High-end,Normal,414.8,413.2,1.59,True
S03639,2026-06,B047,Finger,Low-end,Normal,16.4,15.4,1.03,False
S03640,2026-02,B031,Finger,High-end,Dim,19.2,18.7,0.54,False
S03641,2025-11,B016,Finger,Low-end,Bright,20.9,20.8,0.14,True
S03642,2025-12,B028,Finger,Mid-range,Normal,17.2,17.2,0.01,True
S03643,2026-01,B020,Wrist,Mid-range,Normal,180.1,177.8,2.25,True
S03644,2025-11,B045,Finger,Low-end,Dim,16.0,16.2,0.26,True
S03645,2025-12,B021,Finger,Mid-range,Dim,19.9,20.3,0.45,True
S03646,2026-05,B043,Wrist,Low-end,Normal,177.7,177.9,0.26,True
S03647,2026-06,B014,Finger,Mid-range,Normal,17.2,17.0,0.17,True
S03648,2026-03,B032,Finger,Low-end,Normal,14.6,14.2,0.38,True
S03649,2026-02,B033,Finger,High-end,Normal,14.4,14.1,0.28,True
S03650,2026-02,B019,Finger,Mid-range,Normal,20.3,20.3,0.02,True
S03651,2026-05,B029,Neck,Mid-range,Dim,406.7,409.5,2.77,True
S03652,2026-04,B002,Finger,Mid-range,Normal,14.1,14.1,0.05,True
S03653,2026-02,B039,Wrist,High-end,Normal,173.7,173.5,0.2,True
S03654,2025-11,B029,Neck,Low-end,Bright,369.8,368.5,1.37,True
S03655,2026-09,B045,Neck,Mid-range,Dim,340.0,347.7,7.74,False
S03656,2026-08,B033,Wrist,Low-end,Normal,173.2,175.6,2.45,True
S03657,2025-11,B034,Finger,Low-end,Normal,19.1,19.2,0.07,True
S03658,2025-10,B018,Finger,High-end,Normal,18.6,18.4,0.18,True
S03659,2026-01,B003,Neck,Mid-range,Normal,365.5,369.2,3.76,True
S03660,2026-05,B023,Finger,Low-end,Bright,18.7,18.4,0.23,True
S03661,2026-04,B014,Finger,High-end,Normal,19.2,19.4,0.21,True
S03662,2026-07,B039,Finger,Mid-range,Bright,17.4,17.2,0.24,True
S03663,2026-07,B015,Finger,Mid-range,Normal,16.0,16.4,0.37,True
S03664,2026-02,B004,Finger,Mid-range,Normal,18.3,18.2,0.16,True
S03665,2026-04,B044,Finger,High-end,Normal,20.0,20.0,0.0,True
S03666,2026-08,B028,Finger,High-end,Normal,20.0,20.2,0.23,True
S03667,2026-01,B021,Wrist,Mid-range,Normal,173.3,172.7,0.59,True
S03668,2026-04,B046,Finger,Mid-range,Normal,21.4,20.7,0.68,False
S03669,2026-07,B034,Finger,Mid-range,Normal,18.3,18.7,0.4,True
S03670,2026-05,B007,Finger,Low-end,Dim,17.3,17.2,0.18,True
S03671,2025-10,B024,Finger,Mid-range,Dim,19.9,20.3,0.37,True
S03672,2026-09,B040,Finger,High-end,Normal,21.1,21.1,0.04,True
S03673,2026-09,B043,Neck,Mid-range,Bright,349.1,348.9,0.14,True
S03674,2025-12,B014,Finger,High-end,Normal,17.2,16.4,0.77,False
S03675,2025-12,B003,Neck,High-end,Normal,371.0,373.4,2.41,True
S03676,2026-04,B031,Wrist,High-end,Normal,174.4,175.9,1.57,True
S03677,2026-01,B023,Wrist,Low-end,Bright,156.3,151.6,4.7,False
S03678,2026-08,B024,Finger,High-end,Dim,20.9,21.0,0.13,True
S03679,2026-07,B011,Finger,Mid-range,Normal,14.7,14.9,0.19,True
S03680,2026-04,B014,Wrist,Low-end,Normal,163.7,161.8,1.98,True
S03681,2025-11,B007,Finger,Low-end,Dim,21.9,22.1,0.2,True
S03682,2025-11,B006,Finger,Low-end,Bright,20.6,20.0,0.6,False
S03683,2025-12,B010,Wrist,Mid-range,Normal,168.9,169.9,0.99,True
S03684,2026-09,B045,Finger,High-end,Dim,16.5,16.5,0.02,True
S03685,2026-01,B020,Wrist,Mid-range,Normal,163.0,164.5,1.48,True
S03686,2026-03,B026,Wrist,High-end,Normal,173.7,173.3,0.41,True
S03687,2026-03,B009,Neck,Mid-range,Normal,407.5,407.6,0.09,True
S03688,2025-11,B033,Finger,Low-end,Normal,15.0,15.7,0.68,False
S03689,2026-04,B038,Wrist,High-end,Dim,188.7,183.7,4.99,False
S03690,2026-03,B030,Finger,Low-end,Normal,16.7,16.9,0.17,True
S03691,2026-09,B042,Finger,High-end,Normal,18.9,19.0,0.12,True
S03692,2026-03,B004,Finger,Mid-range,Bright,15.0,15.3,0.27,True
S03693,2025-10,B020,Wrist,Mid-range,Normal,170.1,172.0,1.95,True
S03694,2026-06,B008,Finger,Low-end,Bright,21.4,20.8,0.59,False
S03695,2026-07,B027,Wrist,Low-end,Normal,177.2,177.9,0.69,True
S03696,2026-01,B016,Finger,Mid-range,Normal,20.8,21.8,0.96,False
S03697,2026-08,B029,Finger,Mid-range,Normal,14.9,15.1,0.24,True
S03698,2026-01,B015,Finger,Low-end,Normal,14.8,14.9,0.1,True
S03699,2026-06,B043,Finger,Mid-range,Normal,16.9,16.6,0.35,True
S03700,2025-10,B038,Wrist,Mid-range,Normal,164.5,164.6,0.1,True
S03701,2026-01,B025,Finger,Mid-range,Normal,17.4,16.7,0.75,False
S03702,2026-07,B006,Finger,High-end,Normal,15.2,14.9,0.27,True
S03703,2026-05,B030,Finger,Low-end,Bright,20.1,20.4,0.29,True
S03704,2026-02,B021,Wrist,Mid-range,Normal,153.9,155.8,1.94,True
S03705,2026-07,B018,Finger,Low-end,Bright,18.5,19.2,0.7,False
S03706,2025-12,B018,Wrist,Mid-range,Dim,182.6,181.6,0.95,True
S03707,2026-07,B022,Wrist,Low-end,Normal,187.9,188.3,0.4,True
S03708,2026-06,B009,Neck,High-end,Normal,389.4,388.6,0.83,True
S03709,2026-04,B046,Neck,Mid-range,Dim,419.1,422.6,3.58,True
S03710,2026-01,B011,Wrist,Low-end,Normal,188.7,189.5,0.73,True
S03711,2026-03,B019,Wrist,Low-end,Bright,176.5,177.2,0.72,True
S03712,2026-06,B027,Finger,Low-end,Bright,18.0,18.0,0.07,True
S03713,2026-08,B044,Wrist,Mid-range,Bright,183.1,183.2,0.18,True
S03714,2026-09,B018,Wrist,Low-end,Dim,156.2,156.0,0.29,True
S03715,2026-04,B011,Finger,Mid-range,Normal,18.8,18.3,0.46,True
S03716,2026-07,B019,Finger,Mid-range,Normal,21.1,20.7,0.39,True
S03717,2026-05,B017,Neck,Mid-range,Normal,373.7,372.7,0.97,True
S03718,2025-10,B047,Wrist,Mid-range,Bright,176.3,177.6,1.29,True
S03719,2026-09,B037,Wrist,Mid-range,Normal,161.6,159.4,2.22,True
S03720,2025-10,B045,Finger,Mid-range,Dim,15.8,16.7,0.91,False
S03721,2026-02,B001,Finger,Low-end,Bright,19.8,19.1,0.73,False
S03722,2026-05,B024,Finger,High-end,Bright,19.6,19.7,0.04,True
S03723,2026-03,B047,Finger,Mid-range,Normal,17.4,17.6,0.23,True
S03724,2026-07,B046,Neck,Mid-range,Dim,397.0,395.2,1.83,True
S03725,2026-01,B005,Neck,Mid-range,Dim,335.6,337.7,2.16,True
S03726,2026-03,B027,Wrist,Mid-range,Normal,156.7,157.8,1.06,True
S03727,2025-12,B026,Finger,Mid-range,Dim,19.3,19.5,0.22,True
S03728,2026-07,B009,Finger,High-end,Normal,20.7,20.5,0.24,True
S03729,2026-07,B008,Neck,Low-end,Dim,374.3,367.8,6.54,False
S03730,2025-10,B036,Neck,Mid-range,Dim,353.0,349.0,4.0,True
S03731,2026-08,B038,Finger,Low-end,Dim,17.7,16.5,1.16,False
S03732,2026-02,B003,Neck,Mid-range,Normal,336.4,339.3,2.91,True
S03733,2026-06,B022,Finger,Low-end,Bright,20.5,19.7,0.79,False
S03734,2025-12,B029,Neck,Mid-range,Dim,338.7,340.6,1.96,True
S03735,2025-10,B048,Finger,Low-end,Bright,15.6,15.6,0.0,True
S03736,2026-07,B007,Finger,Mid-range,Normal,15.3,15.8,0.44,True
S03737,2026-01,B034,Neck,Mid-range,Normal,358.8,357.3,1.55,True
S03738,2026-06,B044,Neck,Mid-range,Normal,358.5,356.4,2.11,True
S03739,2026-08,B008,Finger,High-end,Normal,19.8,19.8,0.01,True
S03740,2026-02,B025,Finger,High-end,Normal,14.4,14.3,0.1,True
S03741,2026-07,B043,Neck,Mid-range,Normal,338.0,339.1,1.12,True
S03742,2025-12,B011,Finger,Mid-range,Normal,16.4,16.3,0.09,True
S03743,2026-04,B028,Neck,Low-end,Bright,378.4,374.1,4.32,True
S03744,2025-10,B006,Neck,Mid-range,Normal,343.4,346.5,3.04,True
S03745,2026-07,B041,Finger,Low-end,Normal,17.0,16.4,0.57,False
S03746,2026-06,B028,Neck,Mid-range,Normal,373.3,375.4,2.13,True
S03747,2026-09,B020,Wrist,Mid-range,Dim,177.6,180.7,3.1,False
S03748,2026-09,B021,Finger,Mid-range,Normal,16.1,15.9,0.22,True
S03749,2026-09,B022,Neck,Mid-range,Bright,408.5,407.7,0.76,True
S03750,2026-06,B045,Finger,Mid-range,Normal,16.6,16.2,0.39,True
S03751,2026-01,B009,Finger,Low-end,Bright,19.3,18.6,0.69,False
S03752,2025-10,B027,Neck,Mid-range,Normal,347.6,343.4,4.19,True
S03753,2026-02,B029,Wrist,High-end,Normal,179.4,179.5,0.07,True
S03754,2025-11,B015,Finger,Mid-range,Normal,18.6,18.3,0.29,True
S03755,2026-04,B008,Finger,High-end,Normal,18.5,18.0,0.48,True
S03756,2025-11,B022,Wrist,Mid-range,Dim,181.6,181.1,0.47,True
S03757,2026-09,B048,Finger,Mid-range,Dim,16.0,15.3,0.76,False
S03758,2026-02,B026,Wrist,Mid-range,Bright,166.5,167.2,0.61,True
S03759,2026-05,B020,Neck,High-end,Bright,386.3,387.2,0.94,True
S03760,2026-09,B018,Finger,High-end,Bright,17.0,16.9,0.07,True
S03761,2026-06,B035,Finger,High-end,Dim,16.2,16.4,0.16,True
S03762,2026-04,B039,Neck,High-end,Dim,346.6,343.4,3.23,True
S03763,2026-07,B023,Neck,Mid-range,Dim,341.8,344.0,2.26,True
S03764,2026-03,B029,Wrist,Mid-range,Normal,166.5,166.6,0.17,True
S03765,2026-02,B033,Wrist,High-end,Normal,169.1,168.9,0.25,True
S03766,2025-11,B014,Finger,High-end,Bright,14.0,14.2,0.12,True
S03767,2026-06,B047,Finger,Mid-range,Normal,21.0,21.5,0.48,True
S03768,2026-04,B012,Wrist,Low-end,Normal,174.2,170.3,3.92,False
S03769,2025-10,B030,Wrist,High-end,Bright,168.3,167.5,0.75,True
S03770,2026-04,B011,Finger,High-end,Dim,16.6,16.5,0.1,True
S03771,2025-11,B020,Finger,Mid-range,Normal,21.3,21.3,0.03,True
S03772,2026-08,B040,Finger,Low-end,Normal,19.7,19.1,0.65,False
S03773,2026-08,B005,Finger,Mid-range,Dim,15.8,15.1,0.71,False
S03774,2026-07,B021,Finger,Mid-range,Normal,19.1,18.8,0.29,True
S03775,2026-03,B015,Neck,High-end,Normal,337.2,333.0,4.15,True
S03776,2026-06,B018,Neck,Low-end,Normal,387.8,386.4,1.4,True
S03777,2025-11,B017,Neck,Mid-range,Normal,330.4,332.8,2.38,True
S03778,2026-03,B043,Finger,Low-end,Normal,20.7,20.6,0.09,True
S03779,2026-05,B028,Finger,Mid-range,Bright,15.0,14.6,0.36,True
S03780,2025-11,B001,Wrist,Mid-range,Normal,162.3,160.3,2.0,True
S03781,2026-02,B023,Wrist,Mid-range,Normal,171.7,172.0,0.27,True
S03782,2026-07,B003,Wrist,High-end,Normal,178.4,178.3,0.12,True
S03783,2026-09,B038,Finger,High-end,Normal,17.0,16.9,0.1,True
S03784,2026-01,B012,Finger,Low-end,Normal,15.6,15.0,0.54,False
S03785,2026-05,B004,Wrist,High-end,Dim,180.6,174.7,5.84,False
S03786,2026-09,B010,Finger,High-end,Bright,17.9,18.1,0.16,True
S03787,2025-10,B047,Finger,Mid-range,Dim,16.4,16.0,0.33,True
S03788,2026-02,B033,Neck,Mid-range,Dim,375.4,379.9,4.52,True
S03789,2026-06,B029,Finger,Low-end,Bright,18.1,18.6,0.55,False
S03790,2026-03,B033,Neck,High-end,Bright,406.4,406.2,0.17,True
S03791,2026-02,B004,Finger,Low-end,Normal,17.9,17.6,0.29,True
S03792,2026-09,B048,Finger,Mid-range,Normal,15.8,15.8,0.06,True
S03793,2026-08,B027,Finger,Low-end,Normal,15.4,15.4,0.0,True
S03794,2026-01,B025,Finger,High-end,Normal,19.6,19.7,0.11,True
S03795,2026-06,B047,Finger,Low-end,Normal,18.4,18.5,0.05,True
S03796,2025-12,B025,Wrist,Mid-range,Dim,152.4,155.4,2.95,True
S03797,2026-07,B037,Wrist,Mid-range,Dim,173.9,172.1,1.77,True
S03798,2025-12,B043,Neck,Low-end,Normal,376.8,380.3,3.5,True
S03799,2026-08,B045,Finger,Mid-range,Normal,21.1,21.0,0.09,True
S03800,2025-12,B031,Neck,Low-end,Normal,345.7,342.7,2.99,True
S03801,2026-02,B018,Neck,Mid-range,Normal,416.9,415.2,1.72,True
S03802,2026-05,B046,Neck,High-end,Normal,349.4,348.0,1.43,True
S03803,2025-11,B039,Wrist,Mid-range,Bright,180.2,182.2,2.06,True
S03804,2026-04,B026,Neck,Low-end,Normal,352.6,358.5,5.91,True
S03805,2025-12,B005,Finger,Mid-range,Normal,15.3,14.9,0.44,True
S03806,2026-02,B021,Wrist,Mid-range,Bright,186.7,185.7,1.0,True
S03807,2026-07,B001,Wrist,High-end,Bright,167.5,167.1,0.43,True
S03808,2026-06,B046,Finger,Mid-range,Dim,21.9,21.0,0.96,False
S03809,2026-09,B009,Neck,Mid-range,Dim,385.9,385.9,0.06,True
S03810,2026-02,B025,Finger,High-end,Normal,16.9,17.1,0.21,True
S03811,2025-12,B040,Finger,Mid-range,Bright,17.2,17.4,0.13,True
S03812,2026-04,B015,Finger,High-end,Normal,20.6,20.7,0.05,True
S03813,2026-07,B036,Finger,Mid-range,Normal,14.3,14.4,0.09,True
S03814,2026-01,B048,Finger,Mid-range,Bright,21.0,20.8,0.22,True
S03815,2026-07,B017,Finger,Low-end,Bright,20.7,20.4,0.3,True
S03816,2025-11,B002,Finger,High-end,Dim,17.2,17.6,0.44,True
S03817,2025-11,B046,Finger,Low-end,Dim,20.6,20.1,0.48,True
S03818,2025-11,B026,Wrist,High-end,Dim,184.1,185.9,1.81,True
S03819,2026-03,B044,Finger,Low-end,Bright,15.4,14.6,0.75,False
S03820,2026-08,B034,Finger,Mid-range,Normal,15.1,15.4,0.34,True
S03821,2026-03,B039,Neck,Mid-range,Bright,353.0,352.0,1.05,True
S03822,2026-07,B027,Finger,High-end,Normal,15.8,15.9,0.09,True
S03823,2026-08,B019,Finger,High-end,Normal,18.0,17.8,0.14,True
S03824,2026-05,B018,Neck,High-end,Normal,363.7,363.8,0.11,True
S03825,2026-02,B009,Finger,Mid-range,Normal,16.5,15.9,0.69,False
S03826,2026-08,B027,Wrist,Low-end,Dim,181.5,179.9,1.58,True
S03827,2026-03,B048,Finger,Mid-range,Normal,19.7,19.7,0.0,True
S03828,2026-03,B025,Neck,High-end,Normal,356.5,353.8,2.72,True
S03829,2026-08,B047,Wrist,Low-end,Normal,162.3,164.4,2.12,True
S03830,2026-08,B026,Finger,Mid-range,Normal,16.1,16.3,0.26,True
S03831,2026-03,B016,Finger,Mid-range,Normal,19.2,19.7,0.49,True
S03832,2025-11,B030,Neck,Low-end,Bright,380.7,379.6,1.09,True
S03833,2026-07,B022,Finger,High-end,Normal,21.9,21.7,0.22,True
S03834,2026-07,B046,Neck,High-end,Normal,362.0,363.6,1.59,True
S03835,2026-08,B015,Wrist,Mid-range,Dim,165.6,165.8,0.2,True
S03836,2026-07,B018,Finger,Mid-range,Dim,21.0,19.9,1.08,False
S03837,2026-09,B003,Finger,Mid-range,Normal,15.0,15.0,0.03,True
S03838,2026-01,B009,Finger,Mid-range,Dim,14.2,14.0,0.18,True
S03839,2025-11,B030,Wrist,Low-end,Normal,167.7,165.9,1.82,True
S03840,2025-12,B048,Neck,Mid-range,Dim,389.8,385.0,4.81,True
S03841,2026-06,B041,Wrist,Low-end,Normal,172.5,170.6,1.94,True
S03842,2025-12,B029,Neck,Mid-range,Bright,343.6,343.9,0.26,True
S03843,2026-08,B021,Finger,Low-end,Normal,14.6,16.0,1.38,False
S03844,2026-08,B008,Finger,Mid-range,Dim,19.8,19.6,0.22,True
S03845,2025-10,B035,Wrist,High-end,Normal,154.4,153.7,0.64,True
S03846,2026-06,B017,Finger,Mid-range,Dim,18.4,18.6,0.19,True
S03847,2025-10,B023,Neck,Mid-range,Normal,354.0,355.3,1.29,True
S03848,2026-05,B033,Neck,Mid-range,Dim,352.3,352.2,0.09,True
S03849,2025-11,B011,Wrist,Low-end,Normal,179.8,182.2,2.41,True
S03850,2025-11,B034,Finger,High-end,Bright,16.0,16.1,0.14,True
S03851,2026-02,B041,Finger,Mid-range,Normal,14.8,14.8,0.06,True
S03852,2026-03,B047,Wrist,High-end,Bright,183.8,184.0,0.19,True
S03853,2026-03,B021,Wrist,High-end,Bright,161.7,161.9,0.24,True
S03854,2025-10,B042,Finger,High-end,Dim,20.5,20.4,0.12,True
S03855,2026-07,B036,Finger,High-end,Normal,15.7,15.9,0.14,True
S03856,2026-05,B037,Finger,Mid-range,Normal,21.8,21.5,0.32,True
S03857,2026-03,B033,Neck,Low-end,Dim,402.0,400.1,1.88,True
S03858,2025-12,B019,Finger,Mid-range,Normal,16.2,16.1,0.04,True
S03859,2026-05,B006,Neck,High-end,Bright,381.1,381.2,0.15,True
S03860,2026-06,B029,Finger,High-end,Dim,15.1,15.7,0.53,False
S03861,2026-08,B038,Finger,Low-end,Dim,14.9,15.0,0.16,True
S03862,2026-09,B003,Neck,Low-end,Normal,356.2,348.6,7.58,False
S03863,2025-12,B001,Neck,High-end,Dim,404.4,404.7,0.28,True
S03864,2025-11,B040,Neck,Low-end,Normal,341.0,334.9,6.07,False
S03865,2026-08,B012,Neck,Low-end,Bright,413.4,415.5,2.14,True
S03866,2025-11,B006,Finger,Mid-range,Normal,14.4,14.3,0.13,True
S03867,2026-05,B030,Finger,Low-end,Bright,15.6,15.4,0.15,True
S03868,2026-09,B030,Wrist,Low-end,Normal,175.3,173.5,1.83,True
S03869,2025-12,B034,Neck,High-end,Normal,359.0,360.7,1.72,True
S03870,2026-07,B042,Finger,High-end,Normal,14.2,13.7,0.53,False
S03871,2026-05,B045,Neck,Mid-range,Normal,330.5,331.6,1.06,True
S03872,2026-08,B008,Wrist,Mid-range,Dim,153.1,154.2,1.12,True
S03873,2025-10,B018,Finger,High-end,Normal,20.7,20.6,0.08,True
S03874,2026-03,B043,Finger,High-end,Normal,16.4,16.0,0.32,True
S03875,2026-04,B041,Neck,High-end,Normal,394.5,391.4,3.1,True
S03876,2025-10,B019,Finger,Mid-range,Normal,19.5,20.2,0.72,False
S03877,2026-08,B043,Finger,Low-end,Bright,17.9,17.5,0.39,True
S03878,2026-06,B024,Wrist,Mid-range,Normal,159.6,159.9,0.26,True
S03879,2026-04,B008,Neck,Mid-range,Normal,416.9,419.1,2.22,True
S03880,2025-10,B016,Finger,High-end,Normal,15.9,15.9,0.04,True
S03881,2025-11,B027,Finger,Mid-range,Normal,21.8,22.1,0.28,True
S03882,2025-11,B023,Finger,High-end,Normal,19.3,19.2,0.14,True
S03883,2026-05,B032,Finger,Low-end,Dim,19.9,20.6,0.73,False
S03884,2025-11,B027,Wrist,High-end,Normal,163.2,164.0,0.79,True
S03885,2026-07,B038,Finger,Mid-range,Bright,15.4,15.2,0.14,True
S03886,2026-02,B012,Finger,Mid-range,Normal,14.9,15.2,0.36,True
S03887,2026-01,B031,Wrist,Mid-range,Normal,156.3,157.9,1.62,True
S03888,2025-10,B025,Finger,Low-end,Normal,20.4,19.9,0.51,False
S03889,2026-06,B034,Finger,Mid-range,Dim,18.9,19.0,0.08,True
S03890,2026-03,B044,Finger,High-end,Normal,20.8,20.9,0.11,True
S03891,2026-05,B008,Finger,Mid-range,Normal,15.3,15.1,0.17,True
S03892,2025-11,B028,Neck,Mid-range,Dim,412.1,418.1,5.96,True
S03893,2026-03,B018,Wrist,Mid-range,Normal,174.2,173.0,1.19,True
S03894,2026-05,B045,Neck,High-end,Dim,413.0,413.1,0.04,True
S03895,2026-01,B032,Finger,High-end,Normal,14.5,14.7,0.12,True
S03896,2026-08,B012,Wrist,Mid-range,Dim,152.0,151.0,1.07,True
S03897,2025-11,B035,Finger,High-end,Normal,20.3,20.2,0.04,True
S03898,2026-01,B004,Finger,Low-end,Bright,21.2,20.4,0.74,False
S03899,2026-05,B031,Neck,High-end,Normal,344.1,344.5,0.39,True
S03900,2026-03,B027,Finger,Mid-range,Normal,18.4,18.3,0.11,True
S03901,2026-03,B021,Finger,High-end,Bright,19.7,19.6,0.13,True
S03902,2025-12,B020,Finger,Mid-range,Dim,17.3,16.8,0.49,True
S03903,2026-05,B004,Finger,Mid-range,Normal,18.4,18.4,0.01,True
S03904,2025-12,B010,Finger,Mid-range,Dim,21.3,21.9,0.55,False
S03905,2026-05,B027,Neck,Mid-range,Normal,415.7,415.5,0.11,True
S03906,2026-06,B045,Neck,High-end,Normal,415.7,414.7,0.97,True
S03907,2026-04,B019,Finger,Mid-range,Bright,15.2,14.6,0.61,False
S03908,2026-07,B046,Wrist,Low-end,Dim,189.9,188.7,1.12,True
S03909,2025-12,B009,Wrist,Mid-range,Dim,174.5,173.6,0.93,True
S03910,2025-11,B012,Wrist,High-end,Dim,175.4,178.3,2.89,True
S03911,2026-07,B041,Neck,Low-end,Dim,392.9,385.2,7.68,False
S03912,2026-04,B016,Wrist,Low-end,Bright,169.8,167.5,2.27,True
S03913,2026-03,B002,Neck,Mid-range,Dim,391.3,392.9,1.62,True
S03914,2025-11,B011,Finger,High-end,Normal,16.5,16.5,0.07,True
S03915,2026-08,B024,Finger,Mid-range,Normal,16.6,16.8,0.22,True
S03916,2026-01,B038,Finger,Mid-range,Dim,17.4,17.5,0.08,True
S03917,2026-05,B005,Neck,Mid-range,Bright,400.8,393.5,7.28,False
S03918,2026-06,B046,Wrist,High-end,Bright,161.0,161.2,0.19,True
S03919,2026-08,B030,Neck,Low-end,Normal,353.8,342.2,11.6,False
S03920,2026-04,B004,Finger,Mid-range,Normal,21.0,21.2,0.21,True
S03921,2025-10,B045,Wrist,High-end,Dim,174.9,174.2,0.69,True
S03922,2026-01,B020,Finger,Mid-range,Dim,14.7,14.0,0.68,False
S03923,2026-06,B003,Finger,Mid-range,Normal,15.9,16.0,0.04,True
S03924,2026-05,B033,Wrist,Low-end,Bright,186.3,184.2,2.06,True
S03925,2026-06,B033,Wrist,Low-end,Dim,152.2,158.0,5.87,False
S03926,2026-09,B019,Finger,Low-end,Dim,17.7,17.0,0.63,False
S03927,2026-06,B048,Wrist,Low-end,Normal,153.0,155.0,1.95,True
S03928,2026-09,B019,Neck,Mid-range,Dim,354.5,351.9,2.56,True
S03929,2026-03,B030,Neck,Mid-range,Normal,371.5,377.2,5.77,True
S03930,2026-06,B043,Wrist,High-end,Bright,156.7,158.2,1.52,True
S03931,2026-02,B019,Wrist,Mid-range,Bright,151.5,152.3,0.78,True
S03932,2026-01,B026,Finger,Low-end,Normal,21.3,21.8,0.54,False
S03933,2026-05,B033,Finger,High-end,Dim,14.5,15.1,0.58,False
S03934,2026-07,B023,Neck,Mid-range,Bright,394.7,391.5,3.23,True
S03935,2025-12,B003,Wrist,Mid-range,Normal,188.3,187.2,1.05,True
S03936,2025-12,B012,Wrist,Mid-range,Normal,183.1,185.7,2.61,True
S03937,2026-06,B014,Wrist,High-end,Normal,179.7,180.0,0.32,True
S03938,2026-02,B035,Neck,Mid-range,Bright,379.0,378.0,1.03,True
S03939,2026-07,B002,Finger,High-end,Bright,15.3,15.1,0.22,True
S03940,2026-04,B023,Wrist,High-end,Dim,174.1,172.9,1.28,True
S03941,2026-08,B017,Finger,High-end,Normal,19.9,19.8,0.08,True
S03942,2026-02,B001,Wrist,Mid-range,Bright,169.6,169.2,0.42,True
S03943,2025-11,B025,Wrist,Low-end,Dim,153.3,155.1,1.83,True
S03944,2026-06,B034,Wrist,Mid-range,Dim,168.9,167.3,1.57,True
S03945,2026-04,B044,Finger,Mid-range,Normal,20.0,20.2,0.22,True
S03946,2026-04,B044,Finger,High-end,Normal,18.5,18.5,0.06,True
S03947,2025-11,B032,Wrist,Low-end,Dim,189.8,194.6,4.79,False
S03948,2026-09,B045,Neck,Low-end,Normal,342.2,340.3,1.87,True
S03949,2026-04,B008,Neck,High-end,Normal,407.7,407.3,0.4,True
S03950,2026-01,B041,Finger,Low-end,Normal,19.2,19.3,0.11,True
S03951,2025-10,B023,Wrist,High-end,Normal,180.3,178.3,1.93,True
S03952,2026-01,B043,Neck,Low-end,Bright,330.4,321.3,9.16,False
S03953,2026-03,B023,Wrist,Low-end,Normal,158.4,158.9,0.58,True
S03954,2026-04,B041,Finger,Mid-range,Normal,18.6,19.3,0.79,False
S03955,2026-08,B005,Finger,Low-end,Bright,18.8,18.7,0.13,True
S03956,2026-02,B013,Finger,Mid-range,Normal,14.6,15.0,0.39,True
S03957,2026-02,B020,Wrist,Mid-range,Normal,175.1,174.6,0.48,True
S03958,2026-06,B046,Neck,Low-end,Bright,338.7,339.3,0.55,True
S03959,2026-01,B018,Wrist,Mid-range,Normal,188.6,189.0,0.43,True
S03960,2026-08,B030,Finger,High-end,Dim,15.0,15.6,0.65,False
S03961,2026-02,B020,Wrist,Low-end,Dim,179.3,180.1,0.82,True
S03962,2025-10,B042,Finger,Mid-range,Bright,19.6,19.5,0.1,True
S03963,2025-11,B025,Wrist,Mid-range,Normal,184.1,181.8,2.28,True
S03964,2026-04,B003,Wrist,Low-end,Normal,163.1,163.1,0.01,True
S03965,2026-01,B026,Neck,Low-end,Dim,368.1,372.3,4.15,True
S03966,2026-05,B031,Finger,Mid-range,Normal,15.8,15.5,0.3,True
S03967,2025-11,B019,Wrist,Mid-range,Bright,150.7,148.0,2.72,True
S03968,2026-08,B038,Finger,Mid-range,Dim,17.7,17.8,0.12,True
S03969,2026-06,B031,Wrist,Mid-range,Normal,163.9,162.0,1.83,True
S03970,2026-04,B035,Wrist,Mid-range,Normal,181.9,182.9,0.98,True
S03971,2026-02,B034,Finger,Mid-range,Dim,21.0,20.8,0.15,True
S03972,2025-12,B020,Wrist,Mid-range,Normal,184.9,183.7,1.13,True
S03973,2026-08,B018,Finger,Mid-range,Dim,14.3,14.4,0.09,True
S03974,2025-12,B042,Finger,Mid-range,Normal,15.7,15.4,0.34,True
S03975,2026-03,B006,Finger,Mid-range,Normal,15.0,14.7,0.29,True
S03976,2025-10,B031,Finger,Mid-range,Normal,19.4,20.4,0.94,False
S03977,2026-02,B003,Finger,High-end,Normal,20.8,20.8,0.05,True
S03978,2026-09,B045,Finger,Low-end,Normal,15.4,14.9,0.55,False
S03979,2025-10,B028,Neck,Mid-range,Bright,414.6,416.9,2.36,True
S03980,2026-03,B024,Finger,High-end,Normal,15.6,15.3,0.32,True
S03981,2026-03,B035,Neck,Low-end,Normal,384.1,387.8,3.7,True
S03982,2026-07,B022,Finger,Mid-range,Dim,17.4,18.1,0.73,False
S03983,2026-05,B048,Wrist,High-end,Normal,179.7,180.3,0.63,True
S03984,2026-04,B012,Neck,High-end,Normal,341.9,339.6,2.34,True
S03985,2026-06,B036,Finger,Low-end,Bright,19.6,20.7,1.1,False
S03986,2026-07,B042,Finger,Mid-range,Bright,16.5,16.6,0.19,True
S03987,2026-08,B040,Neck,High-end,Dim,391.1,392.0,0.91,True
S03988,2026-04,B019,Finger,High-end,Bright,15.8,15.5,0.29,True
S03989,2025-11,B047,Wrist,Mid-range,Normal,185.5,186.4,0.9,True
S03990,2026-01,B002,Neck,Mid-range,Normal,337.6,337.4,0.21,True
S03991,2026-02,B023,Finger,Low-end,Normal,20.0,19.9,0.1,True
S03992,2026-03,B008,Finger,High-end,Dim,20.3,20.5,0.23,True
S03993,2026-02,B037,Neck,Low-end,Dim,366.5,367.5,0.97,True
S03994,2026-03,B039,Wrist,Low-end,Bright,155.2,149.7,5.56,False
S03995,2025-12,B006,Finger,Mid-range,Normal,14.9,15.0,0.09,True
S03996,2026-05,B043,Wrist,Mid-range,Normal,178.2,177.4,0.75,True
S03997,2026-04,B001,Neck,Mid-range,Normal,355.8,355.5,0.31,True
S03998,2025-12,B006,Neck,Low-end,Dim,365.5,363.6,1.95,True
S03999,2026-09,B025,Wrist,Mid-range,Normal,162.1,162.2,0.05,True
S04000,2026-03,B035,Wrist,High-end,Bright,151.9,151.0,0.9,True
